Product Name,Price,Original Price,Discount,Rating,Reviews,Product URL,Image URL
"vivo Y05 (Straw Gold, 64 GB)","₹12,999","₹34,999","62% off","3.7","20 Ratings","https://www.flipkart.com/vivo-y05-straw-gold-64-gb/p/itm7b1e1a65e7c1f?pid=MOBHZF4TYZQQX4ZM&lid=LSTMOBHZF4TYZQQX4ZMCG4VYT&marketplace=FLIPKART&q=mobiles&store=tyy%2F4io&srno=s_2_41&otracker=AS_Query_TrendingAutoSuggest_1_0_na_na_na&otracker1=AS_Query_TrendingAutoSuggest_1_0_na_na_na&fm=search-autosuggest&iid=f349873d-de9e-434d-94a0-2238bcd842a1.MOBHZF4TYZQQX4ZM.SEARCH&ppt=sp&ppn=sp&ssid=0kzfcqsy5s0000001782066539034&qH=eb4af0bf07c16429&ov_redirect=true","https://rukminim2.flixcart.com/image/312/312/xif0q/mobile/b/w/w/-original-imahz9unvmxczmhh.jpeg?q=70"
"vivo Y21 5G (Mystic Blue, 128 GB)","₹18,999","₹49,999","62% off","4.1","53 Ratings","https://www.flipkart.com/vivo-y21-5g-mystic-blue-128-gb/p/itm652c2ea2dcf34?pid=MOBHZF4T5GXQKTAA&lid=LSTMOBHZF4T5GXQKTAAYRJDKG&marketplace=FLIPKART&q=mobiles&store=tyy%2F4io&srno=s_3_68&otracker=AS_Query_TrendingAutoSuggest_1_0_na_na_na&otracker1=AS_Query_TrendingAutoSuggest_1_0_na_na_na&fm=search-autosuggest&iid=32049e82-0916-4dda-b943-9dda091389d9.MOBHZF4T5GXQKTAA.SEARCH&ppt=sp&ppn=sp&ssid=0kzfcqsy5s0000001782066539034&qH=eb4af0bf07c16429&ov_redirect=true","https://rukminim2.flixcart.com/image/312/312/xif0q/mobile/z/t/h/-original-imahz9twge6rwvuj.jpeg?q=70"
"vivo Y05 (Mystic Blue, 64 GB)","₹12,999","₹34,999","62% off","3.7","20 Ratings","https://www.flipkart.com/vivo-y05-mystic-blue-64-gb/p/itm7b1e1a65e7c1f?pid=MOBHZF4TRGDHEGGW&lid=LSTMOBHZF4TRGDHEGGWKP8MEX&marketplace=FLIPKART&q=mobiles&store=tyy%2F4io&srno=s_4_77&otracker=AS_Query_TrendingAutoSuggest_1_0_na_na_na&otracker1=AS_Query_TrendingAutoSuggest_1_0_na_na_na&fm=search-autosuggest&iid=a6cf0ecf-171d-4c3e-9a8b-d79c956faa7f.MOBHZF4TRGDHEGGW.SEARCH&ppt=sp&ppn=sp&ssid=0kzfcqsy5s0000001782066539034&qH=eb4af0bf07c16429&ov_redirect=true","https://rukminim2.flixcart.com/image/312/312/xif0q/mobile/x/0/s/-original-imahz9unb5fgbgxg.jpeg?q=70"
"vivo Y21 5G (Straw Gold, 128 GB)","₹18,999","₹49,999","62% off","4.1","53 Ratings","https://www.flipkart.com/vivo-y21-5g-straw-gold-128-gb/p/itm652c2ea2dcf34?pid=MOBHZF4T7BE44GUZ&lid=LSTMOBHZF4T7BE44GUZZ3NYPK&marketplace=FLIPKART&q=mobiles&store=tyy%2F4io&srno=s_4_79&otracker=AS_Query_TrendingAutoSuggest_1_0_na_na_na&otracker1=AS_Query_TrendingAutoSuggest_1_0_na_na_na&fm=search-autosuggest&iid=a6cf0ecf-171d-4c3e-9a8b-d79c956faa7f.MOBHZF4T7BE44GUZ.SEARCH&ppt=sp&ppn=sp&ssid=0kzfcqsy5s0000001782066539034&qH=eb4af0bf07c16429&ov_redirect=true","https://rukminim2.flixcart.com/image/312/312/xif0q/mobile/u/r/j/-original-imahz9twazczd4xn.jpeg?q=70"
"vivo Y21 5G (Straw Gold, 128 GB)","₹21,999","₹54,999","60% off","4.7","29 Ratings","https://www.flipkart.com/vivo-y21-5g-straw-gold-128-gb/p/itm652c2ea2dcf34?pid=MOBHZF4TY9J7HYEF&lid=LSTMOBHZF4TY9J7HYEFQHPPEO&marketplace=FLIPKART&q=mobiles&store=tyy%2F4io&srno=s_4_89&otracker=AS_Query_TrendingAutoSuggest_1_0_na_na_na&otracker1=AS_Query_TrendingAutoSuggest_1_0_na_na_na&fm=search-autosuggest&iid=a6cf0ecf-171d-4c3e-9a8b-d79c956faa7f.MOBHZF4TY9J7HYEF.SEARCH&ppt=sp&ppn=sp&ssid=0kzfcqsy5s0000001782066539034&qH=eb4af0bf07c16429&ov_redirect=true","https://rukminim2.flixcart.com/image/312/312/xif0q/mobile/u/r/j/-original-imahz9twazczd4xn.jpeg?q=70"
"realme P4 Lite (Beach Gold, 64 GB)","₹11,999","₹24,999","52% off","4","3,132 Ratings","https://www.flipkart.com/realme-p4-lite-beach-gold-64-gb/p/itm029fbc88fdc91?pid=MOBHMX7KF4XYHTDM&lid=LSTMOBHMX7KF4XYHTDMBW6TWC&marketplace=FLIPKART&q=mobiles&store=tyy%2F4io&srno=s_1_1&otracker=AS_Query_TrendingAutoSuggest_1_0_na_na_na&otracker1=AS_Query_TrendingAutoSuggest_1_0_na_na_na&fm=organic&iid=d632f158-2d97-4a37-bcd4-2e8af156e697.MOBHMX7KF4XYHTDM.SEARCH&ppt=None&ppn=None&ssid=0kzfcqsy5s0000001782066539034&qH=eb4af0bf07c16429&ov_redirect=true","https://rukminim2.flixcart.com/image/312/312/xif0q/mobile/x/a/a/-original-imahmx82vachdh9z.jpeg?q=70"
"realme P4 Lite (Sea Blue, 64 GB)","₹11,999","₹24,999","52% off","4","3,132 Ratings","https://www.flipkart.com/realme-p4-lite-sea-blue-64-gb/p/itm029fbc88fdc91?pid=MOBHMX7KEQPFYJ5U&lid=LSTMOBHMX7KEQPFYJ5UYOGZ28&marketplace=FLIPKART&q=mobiles&store=tyy%2F4io&srno=s_1_23&otracker=AS_Query_TrendingAutoSuggest_1_0_na_na_na&otracker1=AS_Query_TrendingAutoSuggest_1_0_na_na_na&fm=organic&iid=d632f158-2d97-4a37-bcd4-2e8af156e697.MOBHMX7KEQPFYJ5U.SEARCH&ppt=None&ppn=None&ssid=0kzfcqsy5s0000001782066539034&qH=eb4af0bf07c16429&ov_redirect=true","https://rukminim2.flixcart.com/image/312/312/xif0q/mobile/9/g/q/-original-imahmx8fh8pacxjf.jpeg?q=70"
"realme P4 Lite 5G (Mosaic Blue, 128 GB)","₹15,999","₹32,999","51% off","4.3","7,046 Ratings","https://www.flipkart.com/realme-p4-lite-5g-mosaic-blue-128-gb/p/itm90c243961f214?pid=MOBHN7A8MNWG6FFH&lid=LSTMOBHN7A8MNWG6FFHNRI9KK&marketplace=FLIPKART&q=mobiles&store=tyy%2F4io&srno=s_1_5&otracker=AS_Query_TrendingAutoSuggest_1_0_na_na_na&otracker1=AS_Query_TrendingAutoSuggest_1_0_na_na_na&fm=organic&iid=d632f158-2d97-4a37-bcd4-2e8af156e697.MOBHN7A8MNWG6FFH.SEARCH&ppt=None&ppn=None&ssid=0kzfcqsy5s0000001782066539034&qH=eb4af0bf07c16429&ov_redirect=true","https://rukminim2.flixcart.com/image/312/312/xif0q/mobile/q/z/a/-original-imahhngs3z46gnew.jpeg?q=70"
"realme P4 Lite 5G (Mosaic Green, 128 GB)","₹15,999","₹32,999","51% off","4.3","7,046 Ratings","https://www.flipkart.com/realme-p4-lite-5g-mosaic-green-128-gb/p/itm90c243961f214?pid=MOBHN7A8PBUWNHG5&lid=LSTMOBHN7A8PBUWNHG5BENLLV&marketplace=FLIPKART&q=mobiles&store=tyy%2F4io&srno=s_1_6&otracker=AS_Query_TrendingAutoSuggest_1_0_na_na_na&otracker1=AS_Query_TrendingAutoSuggest_1_0_na_na_na&fm=organic&iid=d632f158-2d97-4a37-bcd4-2e8af156e697.MOBHN7A8PBUWNHG5.SEARCH&ppt=None&ppn=None&ssid=0kzfcqsy5s0000001782066539034&qH=eb4af0bf07c16429&ov_redirect=true","https://rukminim2.flixcart.com/image/312/312/xif0q/mobile/a/j/x/-original-imahhngsymvs8bfs.jpeg?q=70"
"realme P4 Lite 5G (Mosaic Blue, 128 GB)","₹17,999","₹36,999","51% off","4.3","1,149 Ratings","https://www.flipkart.com/realme-p4-lite-5g-mosaic-blue-128-gb/p/itm90c243961f214?pid=MOBHN7A8AG9TYTW6&lid=LSTMOBHN7A8AG9TYTW6XV24FV&marketplace=FLIPKART&q=mobiles&store=tyy%2F4io&srno=s_1_10&otracker=AS_Query_TrendingAutoSuggest_1_0_na_na_na&otracker1=AS_Query_TrendingAutoSuggest_1_0_na_na_na&fm=organic&iid=d632f158-2d97-4a37-bcd4-2e8af156e697.MOBHN7A8AG9TYTW6.SEARCH&ppt=None&ppn=None&ssid=0kzfcqsy5s0000001782066539034&qH=eb4af0bf07c16429&ov_redirect=true","https://rukminim2.flixcart.com/image/312/312/xif0q/mobile/q/z/a/-original-imahhngs3z46gnew.jpeg?q=70"
"realme P4 Lite 5G (Mosaic Green, 128 GB)","₹17,999","₹36,999","51% off","4.3","1,149 Ratings","https://www.flipkart.com/realme-p4-lite-5g-mosaic-green-128-gb/p/itm90c243961f214?pid=MOBHN7A8YFWPC9ZV&lid=LSTMOBHN7A8YFWPC9ZVUK6MKC&marketplace=FLIPKART&q=mobiles&store=tyy%2F4io&srno=s_2_30&otracker=AS_Query_TrendingAutoSuggest_1_0_na_na_na&otracker1=AS_Query_TrendingAutoSuggest_1_0_na_na_na&fm=search-autosuggest&iid=f349873d-de9e-434d-94a0-2238bcd842a1.MOBHN7A8YFWPC9ZV.SEARCH&ppt=sp&ppn=sp&ssid=0kzfcqsy5s0000001782066539034&qH=eb4af0bf07c16429&ov_redirect=true","https://rukminim2.flixcart.com/image/312/312/xif0q/mobile/a/j/x/-original-imahhngsymvs8bfs.jpeg?q=70"
"realme P4 Lite 5G (Mosaic Green, 64 GB)","₹14,499","₹28,999","50% off","4.3","7,046 Ratings","https://www.flipkart.com/realme-p4-lite-5g-mosaic-green-64-gb/p/itm90c243961f214?pid=MOBHN7A8SZ7F9C7T&lid=LSTMOBHN7A8SZ7F9C7TYM0TGX&marketplace=FLIPKART&q=mobiles&store=tyy%2F4io&srno=s_1_3&otracker=AS_Query_TrendingAutoSuggest_1_0_na_na_na&otracker1=AS_Query_TrendingAutoSuggest_1_0_na_na_na&fm=organic&iid=d632f158-2d97-4a37-bcd4-2e8af156e697.MOBHN7A8SZ7F9C7T.SEARCH&ppt=None&ppn=None&ssid=0kzfcqsy5s0000001782066539034&qH=eb4af0bf07c16429&ov_redirect=true","https://rukminim2.flixcart.com/image/312/312/xif0q/mobile/a/j/x/-original-imahhngsymvs8bfs.jpeg?q=70"
"realme P4 Lite 5G (Mosaic Blue, 64 GB)","₹14,499","₹28,999","50% off","4.3","7,046 Ratings","https://www.flipkart.com/realme-p4-lite-5g-mosaic-blue-64-gb/p/itm90c243961f214?pid=MOBHN7A8CMJGRACT&lid=LSTMOBHN7A8CMJGRACTDRIOJU&marketplace=FLIPKART&q=mobiles&store=tyy%2F4io&srno=s_1_4&otracker=AS_Query_TrendingAutoSuggest_1_0_na_na_na&otracker1=AS_Query_TrendingAutoSuggest_1_0_na_na_na&fm=organic&iid=d632f158-2d97-4a37-bcd4-2e8af156e697.MOBHN7A8CMJGRACT.SEARCH&ppt=None&ppn=None&ssid=0kzfcqsy5s0000001782066539034&qH=eb4af0bf07c16429&ov_redirect=true","https://rukminim2.flixcart.com/image/312/312/xif0q/mobile/q/z/a/-original-imahhngs3z46gnew.jpeg?q=70"
"realme P4x 5G (Matte Silver, 128 GB)","₹19,499","₹38,999","50% off","4.3","12,184 Ratings","https://www.flipkart.com/realme-p4x-5g-matte-silver-128-gb/p/itm575b1540859e4?pid=MOBHN7A8H9WAG4PD&lid=LSTMOBHN7A8H9WAG4PD4J7IQE&marketplace=FLIPKART&q=mobiles&store=tyy%2F4io&srno=s_1_21&otracker=AS_Query_TrendingAutoSuggest_1_0_na_na_na&otracker1=AS_Query_TrendingAutoSuggest_1_0_na_na_na&fm=organic&iid=d632f158-2d97-4a37-bcd4-2e8af156e697.MOBHN7A8H9WAG4PD.SEARCH&ppt=None&ppn=None&ssid=0kzfcqsy5s0000001782066539034&qH=eb4af0bf07c16429&ov_redirect=true","https://rukminim2.flixcart.com/image/312/312/xif0q/mobile/v/j/r/-original-imahn8fkgzx8q2cv.jpeg?q=70"
"OPPO A6c (Feather White, 128 GB)","₹16,999","₹33,999","50% off","3.5","4 Ratings","https://www.flipkart.com/oppo-a6c-feather-white-128-gb/p/itm4005f8da98c62?pid=MOBHNQZKFZCSXMXK&lid=LSTMOBHNQZKFZCSXMXKQKYCPV&marketplace=FLIPKART&q=mobiles&store=tyy%2F4io&srno=s_3_53&otracker=AS_Query_TrendingAutoSuggest_1_0_na_na_na&otracker1=AS_Query_TrendingAutoSuggest_1_0_na_na_na&fm=search-autosuggest&iid=32049e82-0916-4dda-b943-9dda091389d9.MOBHNQZKFZCSXMXK.SEARCH&ppt=sp&ppn=sp&ssid=0kzfcqsy5s0000001782066539034&qH=eb4af0bf07c16429&ov_redirect=true","https://rukminim2.flixcart.com/image/312/312/xif0q/mobile/d/z/b/-original-imahz5hzmvgpbngy.jpeg?q=70"
"realme P4 Lite (Sea Blue, 128 GB)","₹13,999","₹27,999","50% off","4","3,132 Ratings","https://www.flipkart.com/realme-p4-lite-sea-blue-128-gb/p/itm029fbc88fdc91?pid=MOBHMX7KSWHYYNZ9&lid=LSTMOBHMX7KSWHYYNZ9QIBG5V&marketplace=FLIPKART&q=mobiles&store=tyy%2F4io&srno=s_3_61&otracker=AS_Query_TrendingAutoSuggest_1_0_na_na_na&otracker1=AS_Query_TrendingAutoSuggest_1_0_na_na_na&fm=search-autosuggest&iid=32049e82-0916-4dda-b943-9dda091389d9.MOBHMX7KSWHYYNZ9.SEARCH&ppt=sp&ppn=sp&ssid=0kzfcqsy5s0000001782066539034&qH=eb4af0bf07c16429&ov_redirect=true","https://rukminim2.flixcart.com/image/312/312/xif0q/mobile/9/g/q/-original-imahmx8fh8pacxjf.jpeg?q=70"
"realme P4R 5G (Lavender Glare, 256 GB)","₹22,999","₹44,999","48% off","4.5","164 Ratings","https://www.flipkart.com/realme-p4r-5g-lavender-glare-256-gb/p/itmb42ae388c1ef6?pid=MOBHMYR3M5QYWBGD&lid=LSTMOBHMYR3M5QYWBGD8UMFRW&marketplace=FLIPKART&q=mobiles&store=tyy%2F4io&srno=s_2_43&otracker=AS_Query_TrendingAutoSuggest_1_0_na_na_na&otracker1=AS_Query_TrendingAutoSuggest_1_0_na_na_na&fm=search-autosuggest&iid=f349873d-de9e-434d-94a0-2238bcd842a1.MOBHMYR3M5QYWBGD.SEARCH&ppt=sp&ppn=sp&ssid=0kzfcqsy5s0000001782066539034&qH=eb4af0bf07c16429&ov_redirect=true","https://rukminim2.flixcart.com/image/312/312/xif0q/mobile/c/g/k/-original-imahz7vnavgauv44.jpeg?q=70"
"realme P4R 5G (Silver Glare, 256 GB)","₹22,999","₹44,999","48% off","4.5","164 Ratings","https://www.flipkart.com/realme-p4r-5g-silver-glare-256-gb/p/itmb42ae388c1ef6?pid=MOBHMYR3NGRA6CGK&lid=LSTMOBHMYR3NGRA6CGKJWYZVO&marketplace=FLIPKART&q=mobiles&store=tyy%2F4io&srno=s_3_52&otracker=AS_Query_TrendingAutoSuggest_1_0_na_na_na&otracker1=AS_Query_TrendingAutoSuggest_1_0_na_na_na&fm=search-autosuggest&iid=32049e82-0916-4dda-b943-9dda091389d9.MOBHMYR3NGRA6CGK.SEARCH&ppt=sp&ppn=sp&ssid=0kzfcqsy5s0000001782066539034&qH=eb4af0bf07c16429&ov_redirect=true","https://rukminim2.flixcart.com/image/312/312/xif0q/mobile/p/4/0/-original-imahz7vnwjqmj7av.jpeg?q=70"
"vivo Y51 Pro 5G (Crimson Red, 256 GB)","₹30,999","₹59,999","48% off","4.3","161 Ratings","https://www.flipkart.com/vivo-y51-pro-5g-crimson-red-256-gb/p/itmed4b902ad17d9?pid=MOBHZF4VMGPMGD4G&lid=LSTMOBHZF4VMGPMGD4GWT4IIH&marketplace=FLIPKART&q=mobiles&store=tyy%2F4io&srno=s_4_81&otracker=AS_Query_TrendingAutoSuggest_1_0_na_na_na&otracker1=AS_Query_TrendingAutoSuggest_1_0_na_na_na&fm=search-autosuggest&iid=a6cf0ecf-171d-4c3e-9a8b-d79c956faa7f.MOBHZF4VMGPMGD4G.SEARCH&ppt=sp&ppn=sp&ssid=0kzfcqsy5s0000001782066539034&qH=eb4af0bf07c16429&ov_redirect=true","https://rukminim2.flixcart.com/image/312/312/xif0q/mobile/c/w/u/-original-imahz9ugkj3hjucr.jpeg?q=70"
"realme P4R 5G (Lavender Glare, 128 GB)","₹20,999","₹39,999","47% off","4.5","164 Ratings","https://www.flipkart.com/realme-p4r-5g-lavender-glare-128-gb/p/itmb42ae388c1ef6?pid=MOBHMYR3NPFHTFHE&lid=LSTMOBHMYR3NPFHTFHEQL7J8Y&marketplace=FLIPKART&q=mobiles&store=tyy%2F4io&srno=s_1_2&otracker=AS_Query_TrendingAutoSuggest_1_0_na_na_na&otracker1=AS_Query_TrendingAutoSuggest_1_0_na_na_na&fm=organic&iid=d632f158-2d97-4a37-bcd4-2e8af156e697.MOBHMYR3NPFHTFHE.SEARCH&ppt=None&ppn=None&ssid=0kzfcqsy5s0000001782066539034&qH=eb4af0bf07c16429&ov_redirect=true","https://rukminim2.flixcart.com/image/312/312/xif0q/mobile/c/g/k/-original-imahz7vnavgauv44.jpeg?q=70"
"realme P4R 5G (Titanium Glare, 128 GB)","₹20,999","₹39,999","47% off","4.5","164 Ratings","https://www.flipkart.com/realme-p4r-5g-titanium-glare-128-gb/p/itmb42ae388c1ef6?pid=MOBHMYR3MZ62YN7F&lid=LSTMOBHMYR3MZ62YN7FSERUEO&marketplace=FLIPKART&q=mobiles&store=tyy%2F4io&srno=s_2_32&otracker=AS_Query_TrendingAutoSuggest_1_0_na_na_na&otracker1=AS_Query_TrendingAutoSuggest_1_0_na_na_na&fm=search-autosuggest&iid=f349873d-de9e-434d-94a0-2238bcd842a1.MOBHMYR3MZ62YN7F.SEARCH&ppt=sp&ppn=sp&ssid=0kzfcqsy5s0000001782066539034&qH=eb4af0bf07c16429&ov_redirect=true","https://rukminim2.flixcart.com/image/312/312/xif0q/mobile/h/k/q/-original-imahz7vn9qe6bp8k.jpeg?q=70"
"realme P4x 5G (Elegant Pink, 128 GB)","₹20,499","₹38,999","47% off","4.3","12,184 Ratings","https://www.flipkart.com/realme-p4x-5g-elegant-pink-128-gb/p/itm575b1540859e4?pid=MOBHN7A8GXPNGYW4&lid=LSTMOBHN7A8GXPNGYW46JFEQO&marketplace=FLIPKART&q=mobiles&store=tyy%2F4io&srno=s_2_40&otracker=AS_Query_TrendingAutoSuggest_1_0_na_na_na&otracker1=AS_Query_TrendingAutoSuggest_1_0_na_na_na&fm=search-autosuggest&iid=f349873d-de9e-434d-94a0-2238bcd842a1.MOBHN7A8GXPNGYW4.SEARCH&ppt=sp&ppn=sp&ssid=0kzfcqsy5s0000001782066539034&qH=eb4af0bf07c16429&ov_redirect=true","https://rukminim2.flixcart.com/image/312/312/xif0q/mobile/n/d/o/-original-imahn8fkgc5zgnga.jpeg?q=70"
"realme P4R 5G (Silver Glare, 128 GB)","₹20,999","₹39,999","47% off","4.5","164 Ratings","https://www.flipkart.com/realme-p4r-5g-silver-glare-128-gb/p/itmb42ae388c1ef6?pid=MOBHMYR3NMRPYBY4&lid=LSTMOBHMYR3NMRPYBY4B2EWSJ&marketplace=FLIPKART&q=mobiles&store=tyy%2F4io&srno=s_2_47&otracker=AS_Query_TrendingAutoSuggest_1_0_na_na_na&otracker1=AS_Query_TrendingAutoSuggest_1_0_na_na_na&fm=search-autosuggest&iid=f349873d-de9e-434d-94a0-2238bcd842a1.MOBHMYR3NMRPYBY4.SEARCH&ppt=sp&ppn=sp&ssid=0kzfcqsy5s0000001782066539034&qH=eb4af0bf07c16429&ov_redirect=true","https://rukminim2.flixcart.com/image/312/312/xif0q/mobile/p/4/0/-original-imahz7vnwjqmj7av.jpeg?q=70"
"realme P4x 5G (Lake Green, 128 GB)","₹20,499","₹38,999","47% off","4.3","12,184 Ratings","https://www.flipkart.com/realme-p4x-5g-lake-green-128-gb/p/itm575b1540859e4?pid=MOBHN7A8WK5SGBYN&lid=LSTMOBHN7A8WK5SGBYNA6NKVS&marketplace=FLIPKART&q=mobiles&store=tyy%2F4io&srno=s_3_65&otracker=AS_Query_TrendingAutoSuggest_1_0_na_na_na&otracker1=AS_Query_TrendingAutoSuggest_1_0_na_na_na&fm=search-autosuggest&iid=32049e82-0916-4dda-b943-9dda091389d9.MOBHN7A8WK5SGBYN.SEARCH&ppt=sp&ppn=sp&ssid=0kzfcqsy5s0000001782066539034&qH=eb4af0bf07c16429&ov_redirect=true","https://rukminim2.flixcart.com/image/312/312/xif0q/mobile/p/m/m/-original-imahn8fk2nagphzz.jpeg?q=70"
"vivo Y400 5G (Dynamic Green, 128 GB)","₹31,999","₹60,999","47% off","4.4","906 Ratings","https://www.flipkart.com/vivo-y400-5g-dynamic-green-128-gb/p/itm787f251f4d4b2?pid=MOBHZF4T9WZ4W6T2&lid=LSTMOBHZF4T9WZ4W6T2U2YQCV&marketplace=FLIPKART&q=mobiles&store=tyy%2F4io&srno=s_4_91&otracker=AS_Query_TrendingAutoSuggest_1_0_na_na_na&otracker1=AS_Query_TrendingAutoSuggest_1_0_na_na_na&fm=search-autosuggest&iid=a6cf0ecf-171d-4c3e-9a8b-d79c956faa7f.MOBHZF4T9WZ4W6T2.SEARCH&ppt=sp&ppn=sp&ssid=0kzfcqsy5s0000001782066539034&qH=eb4af0bf07c16429&ov_redirect=true","https://rukminim2.flixcart.com/image/312/312/xif0q/mobile/1/n/x/-original-imahz9vuuvvy6tcz.jpeg?q=70"
"vivo Y400 5G (Pearl White, 128 GB)","₹31,999","₹60,999","47% off","4.4","906 Ratings","https://www.flipkart.com/vivo-y400-5g-pearl-white-128-gb/p/itm787f251f4d4b2?pid=MOBHZF4TPYGDPBAR&lid=LSTMOBHZF4TPYGDPBARP3FMOT&marketplace=FLIPKART&q=mobiles&store=tyy%2F4io&srno=s_5_111&otracker=AS_Query_TrendingAutoSuggest_1_0_na_na_na&otracker1=AS_Query_TrendingAutoSuggest_1_0_na_na_na&fm=search-autosuggest&iid=1c60518b-2b16-443c-b5cb-650c402af52e.MOBHZF4TPYGDPBAR.SEARCH&ppt=sp&ppn=sp&ssid=0kzfcqsy5s0000001782066539034&qH=eb4af0bf07c16429&ov_redirect=true","https://rukminim2.flixcart.com/image/312/312/xif0q/mobile/k/8/d/-original-imahz9vuskhx242k.jpeg?q=70"
"Vivo T4 Lite 5G (Prism Blue 2026) ( 4GB 64GB)","₹14,999","₹27,999","46% off","4.3","36,983 Ratings","https://www.flipkart.com/vivo-t4-lite-5g-prism-blue-2026-4gb-64gb/p/itm49fb53d099f3c?pid=MOBHNCRKA4XQFSRM&lid=LSTMOBHNCRKA4XQFSRM3HV9XJ&marketplace=FLIPKART&q=mobiles&store=tyy%2F4io&srno=s_1_9&otracker=AS_Query_TrendingAutoSuggest_1_0_na_na_na&otracker1=AS_Query_TrendingAutoSuggest_1_0_na_na_na&fm=organic&iid=d632f158-2d97-4a37-bcd4-2e8af156e697.MOBHNCRKA4XQFSRM.SEARCH&ppt=None&ppn=None&ssid=0kzfcqsy5s0000001782066539034&qH=eb4af0bf07c16429&ov_redirect=true","https://rukminim2.flixcart.com/image/312/312/xif0q/mobile/4/r/i/-original-imahnq7mcqxru4nv.jpeg?q=70"
"Vivo T4 Lite 5G (Titanium Gold 2026) (4GB 64GB)","₹14,999","₹27,999","46% off","4.3","36,983 Ratings","https://www.flipkart.com/vivo-t4-lite-5g-titanium-gold-2026-4gb-64gb/p/itm49fb53d099f3c?pid=MOBHNCRK44PF7QEN&lid=LSTMOBHNCRK44PF7QENJQHGI9&marketplace=FLIPKART&q=mobiles&store=tyy%2F4io&srno=s_1_15&otracker=AS_Query_TrendingAutoSuggest_1_0_na_na_na&otracker1=AS_Query_TrendingAutoSuggest_1_0_na_na_na&fm=organic&iid=d632f158-2d97-4a37-bcd4-2e8af156e697.MOBHNCRK44PF7QEN.SEARCH&ppt=None&ppn=None&ssid=0kzfcqsy5s0000001782066539034&qH=eb4af0bf07c16429&ov_redirect=true","https://rukminim2.flixcart.com/image/312/312/xif0q/mobile/b/i/5/-original-imahnq7mvm2mpymg.jpeg?q=70"
"realme P4R 5G (Titanium Glare, 128 GB)","₹18,999","₹34,999","45% off","4.3","76 Ratings","https://www.flipkart.com/realme-p4r-5g-titanium-glare-128-gb/p/itmb42ae388c1ef6?pid=MOBHMYR3WJZZMJCK&lid=LSTMOBHMYR3WJZZMJCKWJWXFC&marketplace=FLIPKART&q=mobiles&store=tyy%2F4io&srno=s_1_16&otracker=AS_Query_TrendingAutoSuggest_1_0_na_na_na&otracker1=AS_Query_TrendingAutoSuggest_1_0_na_na_na&fm=organic&iid=d632f158-2d97-4a37-bcd4-2e8af156e697.MOBHMYR3WJZZMJCK.SEARCH&ppt=None&ppn=None&ssid=0kzfcqsy5s0000001782066539034&qH=eb4af0bf07c16429&ov_redirect=true","https://rukminim2.flixcart.com/image/312/312/xif0q/mobile/h/k/q/-original-imahz7vn9qe6bp8k.jpeg?q=70"
"realme P4R 5G (Silver Glare, 128 GB)","₹18,999","₹34,999","45% off","4.3","76 Ratings","https://www.flipkart.com/realme-p4r-5g-silver-glare-128-gb/p/itmb42ae388c1ef6?pid=MOBHMYR3EJZ8J2ES&lid=LSTMOBHMYR3EJZ8J2ESJIJD96&marketplace=FLIPKART&q=mobiles&store=tyy%2F4io&spotlightTagId=default_BestsellerId_tyy%2F4io&srno=s_2_38&otracker=AS_Query_TrendingAutoSuggest_1_0_na_na_na&otracker1=AS_Query_TrendingAutoSuggest_1_0_na_na_na&fm=search-autosuggest&iid=f349873d-de9e-434d-94a0-2238bcd842a1.MOBHMYR3EJZ8J2ES.SEARCH&ppt=sp&ppn=sp&ssid=0kzfcqsy5s0000001782066539034&qH=eb4af0bf07c16429&ov_redirect=true","https://rukminim2.flixcart.com/image/312/312/xif0q/mobile/p/4/0/-original-imahz7vnwjqmj7av.jpeg?q=70"
"realme P4R 5G (Lavender Glare, 128 GB)","₹18,999","₹34,999","45% off","4.3","76 Ratings","https://www.flipkart.com/realme-p4r-5g-lavender-glare-128-gb/p/itmb42ae388c1ef6?pid=MOBHMYR337CQEU8E&lid=LSTMOBHMYR337CQEU8EI6OH9T&marketplace=FLIPKART&q=mobiles&store=tyy%2F4io&srno=s_2_45&otracker=AS_Query_TrendingAutoSuggest_1_0_na_na_na&otracker1=AS_Query_TrendingAutoSuggest_1_0_na_na_na&fm=search-autosuggest&iid=f349873d-de9e-434d-94a0-2238bcd842a1.MOBHMYR337CQEU8E.SEARCH&ppt=sp&ppn=sp&ssid=0kzfcqsy5s0000001782066539034&qH=eb4af0bf07c16429&ov_redirect=true","https://rukminim2.flixcart.com/image/312/312/xif0q/mobile/c/g/k/-original-imahz7vnavgauv44.jpeg?q=70"
"realme Narzo 100 Lite 5G (Frost Silver, 128 GB)","₹15,575","₹27,999","44% off","4.1","529 Ratings","https://www.flipkart.com/realme-narzo-100-lite-5g-frost-silver-128-gb/p/itm659398bfe469c?pid=MOBHMZ3UF6EHPUSW&lid=LSTMOBHMZ3UF6EHPUSWO7Z7AA&marketplace=FLIPKART&q=mobiles&store=tyy%2F4io&srno=s_2_35&otracker=AS_Query_TrendingAutoSuggest_1_0_na_na_na&otracker1=AS_Query_TrendingAutoSuggest_1_0_na_na_na&fm=search-autosuggest&iid=f349873d-de9e-434d-94a0-2238bcd842a1.MOBHMZ3UF6EHPUSW.SEARCH&ppt=sp&ppn=sp&ssid=0kzfcqsy5s0000001782066539034&qH=eb4af0bf07c16429&ov_redirect=true","https://rukminim2.flixcart.com/image/312/312/xif0q/mobile/q/r/l/narzo-100-lite-5g-rmx3902-realme-original-imahmz3qgbczkf6z.jpeg?q=70"
"realme Narzo 100 Lite 5G (Thunder Black, 128 GB)","₹15,617","₹27,999","44% off","4.1","529 Ratings","https://www.flipkart.com/realme-narzo-100-lite-5g-thunder-black-128-gb/p/itm659398bfe469c?pid=MOBHMZ3R29UXXKWF&lid=LSTMOBHMZ3R29UXXKWFHKDZEP&marketplace=FLIPKART&q=mobiles&store=tyy%2F4io&srno=s_2_42&otracker=AS_Query_TrendingAutoSuggest_1_0_na_na_na&otracker1=AS_Query_TrendingAutoSuggest_1_0_na_na_na&fm=search-autosuggest&iid=f349873d-de9e-434d-94a0-2238bcd842a1.MOBHMZ3R29UXXKWF.SEARCH&ppt=sp&ppn=sp&ssid=0kzfcqsy5s0000001782066539034&qH=eb4af0bf07c16429&ov_redirect=true","https://rukminim2.flixcart.com/image/312/312/xif0q/mobile/b/e/4/narzo-100-lite-5g-rmx3902-realme-original-imahmz3qkspzeypp.jpeg?q=70"
"realme 16T 5G (Starlight Black, 256 GB)","₹34,999","₹62,999","44% off","3.8","103 Ratings","https://www.flipkart.com/realme-16t-5g-starlight-black-256-gb/p/itm604f2af610fd0?pid=MOBHN4XW8GNQQXCP&lid=LSTMOBHN4XW8GNQQXCPBCAA3L&marketplace=FLIPKART&q=mobiles&store=tyy%2F4io&srno=s_3_57&otracker=AS_Query_TrendingAutoSuggest_1_0_na_na_na&otracker1=AS_Query_TrendingAutoSuggest_1_0_na_na_na&fm=search-autosuggest&iid=32049e82-0916-4dda-b943-9dda091389d9.MOBHN4XW8GNQQXCP.SEARCH&ppt=sp&ppn=sp&ssid=0kzfcqsy5s0000001782066539034&qH=eb4af0bf07c16429&ov_redirect=true","https://rukminim2.flixcart.com/image/312/312/xif0q/mobile/i/t/9/-original-imahnmkhqugxzmv3.jpeg?q=70"
"realme 16T 5G (Starlight Red, 256 GB)","₹34,999","₹62,999","44% off","3.8","103 Ratings","https://www.flipkart.com/realme-16t-5g-starlight-red-256-gb/p/itm604f2af610fd0?pid=MOBHN4XWHKKYHNGR&lid=LSTMOBHN4XWHKKYHNGRXTKLE6&marketplace=FLIPKART&q=mobiles&store=tyy%2F4io&srno=s_3_64&otracker=AS_Query_TrendingAutoSuggest_1_0_na_na_na&otracker1=AS_Query_TrendingAutoSuggest_1_0_na_na_na&fm=search-autosuggest&iid=32049e82-0916-4dda-b943-9dda091389d9.MOBHN4XWHKKYHNGR.SEARCH&ppt=sp&ppn=sp&ssid=0kzfcqsy5s0000001782066539034&qH=eb4af0bf07c16429&ov_redirect=true","https://rukminim2.flixcart.com/image/312/312/xif0q/mobile/b/3/s/-original-imahnmkhzx8vzg4p.jpeg?q=70"
"realme 16T 5G (Aurora Green, 256 GB)","₹34,999","₹62,999","44% off","3.8","103 Ratings","https://www.flipkart.com/realme-16t-5g-aurora-green-256-gb/p/itm604f2af610fd0?pid=MOBHN4XW4YRU3ABP&lid=LSTMOBHN4XW4YRU3ABPC6RZN9&marketplace=FLIPKART&q=mobiles&store=tyy%2F4io&srno=s_3_71&otracker=AS_Query_TrendingAutoSuggest_1_0_na_na_na&otracker1=AS_Query_TrendingAutoSuggest_1_0_na_na_na&fm=search-autosuggest&iid=32049e82-0916-4dda-b943-9dda091389d9.MOBHN4XW4YRU3ABP.SEARCH&ppt=sp&ppn=sp&ssid=0kzfcqsy5s0000001782066539034&qH=eb4af0bf07c16429&ov_redirect=true","https://rukminim2.flixcart.com/image/312/312/xif0q/mobile/c/r/2/-original-imahnmkhrcmvjnhf.jpeg?q=70"
"OPPO Find X9s (Sunset Orange, 512 GB)","₹89,999","₹1,59,999","43% off","4.5","11 Ratings","https://www.flipkart.com/oppo-find-x9s-sunset-orange-512-gb/p/itmeca45f29bf010?pid=MOBHN7ZWDUWWGPAX&lid=LSTMOBHN7ZWDUWWGPAXXHYWE6&marketplace=FLIPKART&q=mobiles&store=tyy%2F4io&srno=s_4_75&otracker=AS_Query_TrendingAutoSuggest_1_0_na_na_na&otracker1=AS_Query_TrendingAutoSuggest_1_0_na_na_na&fm=search-autosuggest&iid=a6cf0ecf-171d-4c3e-9a8b-d79c956faa7f.MOBHN7ZWDUWWGPAX.SEARCH&ppt=sp&ppn=sp&ssid=0kzfcqsy5s0000001782066539034&qH=eb4af0bf07c16429&ov_redirect=true","https://rukminim2.flixcart.com/image/312/312/xif0q/mobile/q/h/z/-original-imahnhztcv89vp9r.jpeg?q=70"
"OPPO Find X9s (Midnight Grey, 512 GB)","₹89,999","₹1,59,999","43% off","4.5","11 Ratings","https://www.flipkart.com/oppo-find-x9s-midnight-grey-512-gb/p/itmeca45f29bf010?pid=MOBHN7ZWZH9CC8FX&lid=LSTMOBHN7ZWZH9CC8FXNBJDSZ&marketplace=FLIPKART&q=mobiles&store=tyy%2F4io&srno=s_5_101&otracker=AS_Query_TrendingAutoSuggest_1_0_na_na_na&otracker1=AS_Query_TrendingAutoSuggest_1_0_na_na_na&fm=search-autosuggest&iid=1c60518b-2b16-443c-b5cb-650c402af52e.MOBHN7ZWZH9CC8FX.SEARCH&ppt=sp&ppn=sp&ssid=0kzfcqsy5s0000001782066539034&qH=eb4af0bf07c16429&ov_redirect=true","https://rukminim2.flixcart.com/image/312/312/xif0q/mobile/q/v/h/-original-imahnhztcwkv6b6z.jpeg?q=70"
"OPPO Find X9s (Lavender Sky, 512 GB)","₹89,999","₹1,59,999","43% off","4.5","11 Ratings","https://www.flipkart.com/oppo-find-x9s-lavender-sky-512-gb/p/itmeca45f29bf010?pid=MOBHN7ZWY3GUHTHB&lid=LSTMOBHN7ZWY3GUHTHBAK2FGX&marketplace=FLIPKART&q=mobiles&store=tyy%2F4io&srno=s_5_110&otracker=AS_Query_TrendingAutoSuggest_1_0_na_na_na&otracker1=AS_Query_TrendingAutoSuggest_1_0_na_na_na&fm=search-autosuggest&iid=1c60518b-2b16-443c-b5cb-650c402af52e.MOBHN7ZWY3GUHTHB.SEARCH&ppt=sp&ppn=sp&ssid=0kzfcqsy5s0000001782066539034&qH=eb4af0bf07c16429&ov_redirect=true","https://rukminim2.flixcart.com/image/312/312/xif0q/mobile/3/x/x/-original-imahnhztzrzxnwdg.jpeg?q=70"
"POCO C81x (Crystal Black, 64 GB)","₹10,999","₹18,999","42% off","4","211 Ratings","https://www.flipkart.com/poco-c81x-crystal-black-64-gb/p/itmcc7b133522987?pid=MOBHMYWRXCQBZ7D2&lid=LSTMOBHMYWRXCQBZ7D2WUWSH4&marketplace=FLIPKART&q=mobiles&store=tyy%2F4io&spotlightTagId=default_BestsellerId_tyy%2F4io&srno=s_1_11&otracker=AS_Query_TrendingAutoSuggest_1_0_na_na_na&otracker1=AS_Query_TrendingAutoSuggest_1_0_na_na_na&fm=organic&iid=d632f158-2d97-4a37-bcd4-2e8af156e697.MOBHMYWRXCQBZ7D2.SEARCH&ppt=None&ppn=None&ssid=0kzfcqsy5s0000001782066539034&qH=eb4af0bf07c16429&ov_redirect=true","https://rukminim2.flixcart.com/image/312/312/xif0q/mobile/g/3/g/-original-imahmqbhzwuyykx5.jpeg?q=70"
"POCO C81x (Ice Blue, 64 GB)","₹10,999","₹18,999","42% off","4","211 Ratings","https://www.flipkart.com/poco-c81x-ice-blue-64-gb/p/itmf2e3aacd5257e?pid=MOBHMYWRWPE4S8G6&lid=LSTMOBHMYWRWPE4S8G6INAADH&marketplace=FLIPKART&q=mobiles&store=tyy%2F4io&srno=s_1_12&otracker=AS_Query_TrendingAutoSuggest_1_0_na_na_na&otracker1=AS_Query_TrendingAutoSuggest_1_0_na_na_na&fm=organic&iid=d632f158-2d97-4a37-bcd4-2e8af156e697.MOBHMYWRWPE4S8G6.SEARCH&ppt=None&ppn=None&ssid=0kzfcqsy5s0000001782066539034&qH=eb4af0bf07c16429&ov_redirect=true","https://rukminim2.flixcart.com/image/312/312/xif0q/mobile/x/z/r/-original-imahmqbhwvnpc7e4.jpeg?q=70"
"realme Narzo 100 Lite 5G (Thunder Black, 64 GB)","₹14,370","₹24,999","42% off","4.1","529 Ratings","https://www.flipkart.com/realme-narzo-100-lite-5g-thunder-black-64-gb/p/itm659398bfe469c?pid=MOBHMZ3QKKTHQW7M&lid=LSTMOBHMZ3QKKTHQW7MMIWYK8&marketplace=FLIPKART&q=mobiles&store=tyy%2F4io&srno=s_1_24&otracker=AS_Query_TrendingAutoSuggest_1_0_na_na_na&otracker1=AS_Query_TrendingAutoSuggest_1_0_na_na_na&fm=organic&iid=d632f158-2d97-4a37-bcd4-2e8af156e697.MOBHMZ3QKKTHQW7M.SEARCH&ppt=None&ppn=None&ssid=0kzfcqsy5s0000001782066539034&qH=eb4af0bf07c16429&ov_redirect=true","https://rukminim2.flixcart.com/image/312/312/xif0q/mobile/b/e/4/narzo-100-lite-5g-rmx3902-realme-original-imahmz3qkspzeypp.jpeg?q=70"
"realme Narzo 100 Lite 5G (Thunder Black, 64 GB)","₹14,370","₹24,999","42% off","4.1","529 Ratings","https://www.flipkart.com/realme-narzo-100-lite-5g-thunder-black-64-gb/p/itm659398bfe469c?pid=MOBHMZ3QKKTHQW7M&lid=LSTMOBHMZ3QKKTHQW7MMIWYK8&marketplace=FLIPKART&q=mobiles&store=tyy%2F4io&srno=s_2_25&otracker=AS_Query_TrendingAutoSuggest_1_0_na_na_na&otracker1=AS_Query_TrendingAutoSuggest_1_0_na_na_na&fm=search-autosuggest&iid=f349873d-de9e-434d-94a0-2238bcd842a1.MOBHMZ3QKKTHQW7M.SEARCH&ppt=sp&ppn=sp&ssid=0kzfcqsy5s0000001782066539034&qH=eb4af0bf07c16429&ov_redirect=true","https://rukminim2.flixcart.com/image/312/312/xif0q/mobile/b/e/4/narzo-100-lite-5g-rmx3902-realme-original-imahmz3qkspzeypp.jpeg?q=70"
"realme Narzo 100 Lite 5G (Thunder Black, 128 GB)","₹18,398","₹31,999","42% off","3.6","31 Ratings","https://www.flipkart.com/realme-narzo-100-lite-5g-thunder-black-128-gb/p/itm659398bfe469c?pid=MOBHMZ3TERMJ7F2Z&lid=LSTMOBHMZ3TERMJ7F2ZOYFZXC&marketplace=FLIPKART&q=mobiles&store=tyy%2F4io&srno=s_3_55&otracker=AS_Query_TrendingAutoSuggest_1_0_na_na_na&otracker1=AS_Query_TrendingAutoSuggest_1_0_na_na_na&fm=search-autosuggest&iid=32049e82-0916-4dda-b943-9dda091389d9.MOBHMZ3TERMJ7F2Z.SEARCH&ppt=sp&ppn=sp&ssid=0kzfcqsy5s0000001782066539034&qH=eb4af0bf07c16429&ov_redirect=true","https://rukminim2.flixcart.com/image/312/312/xif0q/mobile/b/e/4/narzo-100-lite-5g-rmx3902-realme-original-imahmz3qkspzeypp.jpeg?q=70"
"realme 16T 5G (Starlight Red, 128 GB)","₹31,999","₹55,999","42% off","3.8","103 Ratings","https://www.flipkart.com/realme-16t-5g-starlight-red-128-gb/p/itm604f2af610fd0?pid=MOBHN4XWNXGJGPZX&lid=LSTMOBHN4XWNXGJGPZX51TWSZ&marketplace=FLIPKART&q=mobiles&store=tyy%2F4io&srno=s_3_67&otracker=AS_Query_TrendingAutoSuggest_1_0_na_na_na&otracker1=AS_Query_TrendingAutoSuggest_1_0_na_na_na&fm=search-autosuggest&iid=32049e82-0916-4dda-b943-9dda091389d9.MOBHN4XWNXGJGPZX.SEARCH&ppt=sp&ppn=sp&ssid=0kzfcqsy5s0000001782066539034&qH=eb4af0bf07c16429&ov_redirect=true","https://rukminim2.flixcart.com/image/312/312/xif0q/mobile/b/3/s/-original-imahnmkhzx8vzg4p.jpeg?q=70"
"OPPO Find X9s (Sunset Orange, 256 GB)","₹79,999","₹1,39,999","42% off","4.5","11 Ratings","https://www.flipkart.com/oppo-find-x9s-sunset-orange-256-gb/p/itmeca45f29bf010?pid=MOBHN7ZWVMQY9ANR&lid=LSTMOBHN7ZWVMQY9ANRQLNOBB&marketplace=FLIPKART&q=mobiles&store=tyy%2F4io&srno=s_4_80&otracker=AS_Query_TrendingAutoSuggest_1_0_na_na_na&otracker1=AS_Query_TrendingAutoSuggest_1_0_na_na_na&fm=search-autosuggest&iid=a6cf0ecf-171d-4c3e-9a8b-d79c956faa7f.MOBHN7ZWVMQY9ANR.SEARCH&ppt=sp&ppn=sp&ssid=0kzfcqsy5s0000001782066539034&qH=eb4af0bf07c16429&ov_redirect=true","https://rukminim2.flixcart.com/image/312/312/xif0q/mobile/q/h/z/-original-imahnhztcv89vp9r.jpeg?q=70"
"OPPO Find X9s (Midnight Grey, 256 GB)","₹79,999","₹1,39,999","42% off","4.5","11 Ratings","https://www.flipkart.com/oppo-find-x9s-midnight-grey-256-gb/p/itmeca45f29bf010?pid=MOBHN7ZWWYXQQKGE&lid=LSTMOBHN7ZWWYXQQKGE4EFIXZ&marketplace=FLIPKART&q=mobiles&store=tyy%2F4io&srno=s_4_83&otracker=AS_Query_TrendingAutoSuggest_1_0_na_na_na&otracker1=AS_Query_TrendingAutoSuggest_1_0_na_na_na&fm=search-autosuggest&iid=a6cf0ecf-171d-4c3e-9a8b-d79c956faa7f.MOBHN7ZWWYXQQKGE.SEARCH&ppt=sp&ppn=sp&ssid=0kzfcqsy5s0000001782066539034&qH=eb4af0bf07c16429&ov_redirect=true","https://rukminim2.flixcart.com/image/312/312/xif0q/mobile/q/v/h/-original-imahnhztcwkv6b6z.jpeg?q=70"
"realme 16T 5G (Aurora Green, 128 GB)","₹31,999","₹55,999","42% off","3.8","103 Ratings","https://www.flipkart.com/realme-16t-5g-aurora-green-128-gb/p/itm604f2af610fd0?pid=MOBHN4XWEVJWYPAM&lid=LSTMOBHN4XWEVJWYPAMVJJ6LL&marketplace=FLIPKART&q=mobiles&store=tyy%2F4io&srno=s_4_88&otracker=AS_Query_TrendingAutoSuggest_1_0_na_na_na&otracker1=AS_Query_TrendingAutoSuggest_1_0_na_na_na&fm=search-autosuggest&iid=a6cf0ecf-171d-4c3e-9a8b-d79c956faa7f.MOBHN4XWEVJWYPAM.SEARCH&ppt=sp&ppn=sp&ssid=0kzfcqsy5s0000001782066539034&qH=eb4af0bf07c16429&ov_redirect=true","https://rukminim2.flixcart.com/image/312/312/xif0q/mobile/c/r/2/-original-imahnmkhrcmvjnhf.jpeg?q=70"
"OPPO Find X9s (Lavender Sky, 256 GB)","₹79,999","₹1,39,999","42% off","4.5","11 Ratings","https://www.flipkart.com/oppo-find-x9s-lavender-sky-256-gb/p/itmeca45f29bf010?pid=MOBHN7ZW6SBDHZWR&lid=LSTMOBHN7ZW6SBDHZWRGSUH2M&marketplace=FLIPKART&q=mobiles&store=tyy%2F4io&srno=s_5_109&otracker=AS_Query_TrendingAutoSuggest_1_0_na_na_na&otracker1=AS_Query_TrendingAutoSuggest_1_0_na_na_na&fm=search-autosuggest&iid=1c60518b-2b16-443c-b5cb-650c402af52e.MOBHN7ZW6SBDHZWR.SEARCH&ppt=sp&ppn=sp&ssid=0kzfcqsy5s0000001782066539034&qH=eb4af0bf07c16429&ov_redirect=true","https://rukminim2.flixcart.com/image/312/312/xif0q/mobile/3/x/x/-original-imahnhztzrzxnwdg.jpeg?q=70"
"Vivo T4 Lite 5G (Titanium Gold 2026) (4GB 128GB)","₹16,999","₹28,999","41% off","4.3","36,983 Ratings","https://www.flipkart.com/vivo-t4-lite-5g-titanium-gold-2026-4gb-128gb/p/itm49fb53d099f3c?pid=MOBHNCRKN8ZBGAJR&lid=LSTMOBHNCRKN8ZBGAJRBI6C1Z&marketplace=FLIPKART&q=mobiles&store=tyy%2F4io&srno=s_2_29&otracker=AS_Query_TrendingAutoSuggest_1_0_na_na_na&otracker1=AS_Query_TrendingAutoSuggest_1_0_na_na_na&fm=search-autosuggest&iid=f349873d-de9e-434d-94a0-2238bcd842a1.MOBHNCRKN8ZBGAJR.SEARCH&ppt=sp&ppn=sp&ssid=0kzfcqsy5s0000001782066539034&qH=eb4af0bf07c16429&ov_redirect=true","https://rukminim2.flixcart.com/image/312/312/xif0q/mobile/b/i/5/-original-imahnq7mvm2mpymg.jpeg?q=70"
"realme 16T 5G (Starlight Black, 128 GB)","₹29,999","₹50,999","41% off","3.8","115 Ratings","https://www.flipkart.com/realme-16t-5g-starlight-black-128-gb/p/itm604f2af610fd0?pid=MOBHN4XWTT882MCE&lid=LSTMOBHN4XWTT882MCE4Y1VKP&marketplace=FLIPKART&q=mobiles&store=tyy%2F4io&srno=s_2_36&otracker=AS_Query_TrendingAutoSuggest_1_0_na_na_na&otracker1=AS_Query_TrendingAutoSuggest_1_0_na_na_na&fm=search-autosuggest&iid=f349873d-de9e-434d-94a0-2238bcd842a1.MOBHN4XWTT882MCE.SEARCH&ppt=sp&ppn=sp&ssid=0kzfcqsy5s0000001782066539034&qH=eb4af0bf07c16429&ov_redirect=true","https://rukminim2.flixcart.com/image/312/312/xif0q/mobile/i/t/9/-original-imahnmkhqugxzmv3.jpeg?q=70"
"realme 16T 5G (Starlight Red, 128 GB)","₹29,999","₹50,999","41% off","3.8","115 Ratings","https://www.flipkart.com/realme-16t-5g-starlight-red-128-gb/p/itm604f2af610fd0?pid=MOBHN4XWZUSTFFNJ&lid=LSTMOBHN4XWZUSTFFNJTCYZVU&marketplace=FLIPKART&q=mobiles&store=tyy%2F4io&srno=s_2_37&otracker=AS_Query_TrendingAutoSuggest_1_0_na_na_na&otracker1=AS_Query_TrendingAutoSuggest_1_0_na_na_na&fm=search-autosuggest&iid=f349873d-de9e-434d-94a0-2238bcd842a1.MOBHN4XWZUSTFFNJ.SEARCH&ppt=sp&ppn=sp&ssid=0kzfcqsy5s0000001782066539034&qH=eb4af0bf07c16429&ov_redirect=true","https://rukminim2.flixcart.com/image/312/312/xif0q/mobile/b/3/s/-original-imahnmkhzx8vzg4p.jpeg?q=70"
"realme P4 5G (Forge Red, 128 GB)","₹23,999","₹40,999","41% off","4.4","21,971 Ratings","https://www.flipkart.com/realme-p4-5g-forge-red-128-gb/p/itmf836e6de035a5?pid=MOBHN7A8JHSUZSGH&lid=LSTMOBHN7A8JHSUZSGH23UICQ&marketplace=FLIPKART&q=mobiles&store=tyy%2F4io&srno=s_2_39&otracker=AS_Query_TrendingAutoSuggest_1_0_na_na_na&otracker1=AS_Query_TrendingAutoSuggest_1_0_na_na_na&fm=search-autosuggest&iid=f349873d-de9e-434d-94a0-2238bcd842a1.MOBHN7A8JHSUZSGH.SEARCH&ppt=sp&ppn=sp&ssid=0kzfcqsy5s0000001782066539034&qH=eb4af0bf07c16429&ov_redirect=true","https://rukminim2.flixcart.com/image/312/312/xif0q/mobile/r/1/d/-original-imahhwh2rf3bmght.jpeg?q=70"
"vivo T5 Pro 5G (Cosmic Black, 128 GB)","₹32,999","₹55,999","41% off","4.5","5,084 Ratings","https://www.flipkart.com/vivo-t5-pro-5g-cosmic-black-128-gb/p/itma21e2e09d4493?pid=MOBHM4FZPA8A7KVS&lid=LSTMOBHM4FZPA8A7KVSB3VDWD&marketplace=FLIPKART&q=mobiles&store=tyy%2F4io&srno=s_3_54&otracker=AS_Query_TrendingAutoSuggest_1_0_na_na_na&otracker1=AS_Query_TrendingAutoSuggest_1_0_na_na_na&fm=search-autosuggest&iid=32049e82-0916-4dda-b943-9dda091389d9.MOBHM4FZPA8A7KVS.SEARCH&ppt=sp&ppn=sp&ssid=0kzfcqsy5s0000001782066539034&qH=eb4af0bf07c16429&ov_redirect=true","https://rukminim2.flixcart.com/image/312/312/xif0q/mobile/b/k/5/-original-imahmhjagd7f3wuh.jpeg?q=70"
"vivo T5 Pro 5G (Glacier Blue, 128 GB)","₹32,999","₹55,999","41% off","4.5","5,084 Ratings","https://www.flipkart.com/vivo-t5-pro-5g-glacier-blue-128-gb/p/itma21e2e09d4493?pid=MOBHM4FZVHBWFRHM&lid=LSTMOBHM4FZVHBWFRHMUM8WSE&marketplace=FLIPKART&q=mobiles&store=tyy%2F4io&srno=s_3_56&otracker=AS_Query_TrendingAutoSuggest_1_0_na_na_na&otracker1=AS_Query_TrendingAutoSuggest_1_0_na_na_na&fm=search-autosuggest&iid=32049e82-0916-4dda-b943-9dda091389d9.MOBHM4FZVHBWFRHM.SEARCH&ppt=sp&ppn=sp&ssid=0kzfcqsy5s0000001782066539034&qH=eb4af0bf07c16429&ov_redirect=true","https://rukminim2.flixcart.com/image/312/312/xif0q/mobile/h/d/z/-original-imahmhjaxfexnj7n.jpeg?q=70"
"realme 16T 5G (Aurora Green, 128 GB)","₹29,999","₹50,999","41% off","3.8","115 Ratings","https://www.flipkart.com/realme-16t-5g-aurora-green-128-gb/p/itm604f2af610fd0?pid=MOBHN4XWYB6WEQTM&lid=LSTMOBHN4XWYB6WEQTMAXJV6Q&marketplace=FLIPKART&q=mobiles&store=tyy%2F4io&srno=s_4_73&otracker=AS_Query_TrendingAutoSuggest_1_0_na_na_na&otracker1=AS_Query_TrendingAutoSuggest_1_0_na_na_na&fm=search-autosuggest&iid=a6cf0ecf-171d-4c3e-9a8b-d79c956faa7f.MOBHN4XWYB6WEQTM.SEARCH&ppt=sp&ppn=sp&ssid=0kzfcqsy5s0000001782066539034&qH=eb4af0bf07c16429&ov_redirect=true","https://rukminim2.flixcart.com/image/312/312/xif0q/mobile/c/r/2/-original-imahnmkhrcmvjnhf.jpeg?q=70"
"POCO C81 (Sunset Gold, 64 GB)","₹11,999","₹19,999","40% off","3.8","169 Ratings","https://www.flipkart.com/poco-c81-sunset-gold-64-gb/p/itmd046653de9427?pid=MOBHMYWRFE7GZVJF&lid=LSTMOBHMYWRFE7GZVJFEI8O3R&marketplace=FLIPKART&q=mobiles&store=tyy%2F4io&srno=s_1_17&otracker=AS_Query_TrendingAutoSuggest_1_0_na_na_na&otracker1=AS_Query_TrendingAutoSuggest_1_0_na_na_na&fm=organic&iid=d632f158-2d97-4a37-bcd4-2e8af156e697.MOBHMYWRFE7GZVJF.SEARCH&ppt=None&ppn=None&ssid=0kzfcqsy5s0000001782066539034&qH=eb4af0bf07c16429&ov_redirect=true","https://rukminim2.flixcart.com/image/312/312/xif0q/mobile/j/m/f/-original-imahmqbhecgjkzzx.jpeg?q=70"
"POCO C85x (Sunset Gold, 64 GB)","₹12,499","₹20,999","40% off","4.1","2,445 Ratings","https://www.flipkart.com/poco-c85x-sunset-gold-64-gb/p/itm6b8cdd362c306?pid=MOBHMGG5PYZRFMKU&lid=LSTMOBHMGG5PYZRFMKUCJZJZ4&marketplace=FLIPKART&q=mobiles&store=tyy%2F4io&spotlightTagId=default_BestsellerId_tyy%2F4io&srno=s_1_18&otracker=AS_Query_TrendingAutoSuggest_1_0_na_na_na&otracker1=AS_Query_TrendingAutoSuggest_1_0_na_na_na&fm=organic&iid=d632f158-2d97-4a37-bcd4-2e8af156e697.MOBHMGG5PYZRFMKU.SEARCH&ppt=None&ppn=None&ssid=0kzfcqsy5s0000001782066539034&qH=eb4af0bf07c16429&ov_redirect=true","https://rukminim2.flixcart.com/image/312/312/xif0q/mobile/a/g/l/-original-imahmqga4sxzfnzn.jpeg?q=70"
"POCO C85x (Emerald Green, 64 GB)","₹12,499","₹20,999","40% off","4.1","2,445 Ratings","https://www.flipkart.com/poco-c85x-emerald-green-64-gb/p/itm96bce2b7909b7?pid=MOBHMGG5GHZKTSDZ&lid=LSTMOBHMGG5GHZKTSDZTARVKO&marketplace=FLIPKART&q=mobiles&store=tyy%2F4io&srno=s_1_20&otracker=AS_Query_TrendingAutoSuggest_1_0_na_na_na&otracker1=AS_Query_TrendingAutoSuggest_1_0_na_na_na&fm=organic&iid=d632f158-2d97-4a37-bcd4-2e8af156e697.MOBHMGG5GHZKTSDZ.SEARCH&ppt=None&ppn=None&ssid=0kzfcqsy5s0000001782066539034&qH=eb4af0bf07c16429&ov_redirect=true","https://rukminim2.flixcart.com/image/312/312/xif0q/mobile/q/7/s/-original-imahmqganju6a3gt.jpeg?q=70"
"POCO C81 (Elite Black, 64 GB)","₹11,999","₹19,999","40% off","3.8","169 Ratings","https://www.flipkart.com/poco-c81-elite-black-64-gb/p/itm28c771318f328?pid=MOBHMYWR2GCKNVWK&lid=LSTMOBHMYWR2GCKNVWKZWGWBK&marketplace=FLIPKART&q=mobiles&store=tyy%2F4io&srno=s_1_22&otracker=AS_Query_TrendingAutoSuggest_1_0_na_na_na&otracker1=AS_Query_TrendingAutoSuggest_1_0_na_na_na&fm=organic&iid=d632f158-2d97-4a37-bcd4-2e8af156e697.MOBHMYWR2GCKNVWK.SEARCH&ppt=None&ppn=None&ssid=0kzfcqsy5s0000001782066539034&qH=eb4af0bf07c16429&ov_redirect=true","https://rukminim2.flixcart.com/image/312/312/xif0q/mobile/r/3/c/-original-imahmqbhgkgyhgwp.jpeg?q=70"
"vivo T5 Pro 5G (Cosmic Black, 256 GB)","₹36,999","₹61,999","40% off","4.5","5,084 Ratings","https://www.flipkart.com/vivo-t5-pro-5g-cosmic-black-256-gb/p/itma21e2e09d4493?pid=MOBHM4FZRMHBQHP5&lid=LSTMOBHM4FZRMHBQHP59ZOVA8&marketplace=FLIPKART&q=mobiles&store=tyy%2F4io&srno=s_2_27&otracker=AS_Query_TrendingAutoSuggest_1_0_na_na_na&otracker1=AS_Query_TrendingAutoSuggest_1_0_na_na_na&fm=search-autosuggest&iid=f349873d-de9e-434d-94a0-2238bcd842a1.MOBHM4FZRMHBQHP5.SEARCH&ppt=sp&ppn=sp&ssid=0kzfcqsy5s0000001782066539034&qH=eb4af0bf07c16429&ov_redirect=true","https://rukminim2.flixcart.com/image/312/312/xif0q/mobile/b/k/5/-original-imahmhjagd7f3wuh.jpeg?q=70"
"POCO C81 (Sky Blue, 64 GB)","₹11,999","₹19,999","40% off","3.8","169 Ratings","https://www.flipkart.com/poco-c81-sky-blue-64-gb/p/itm0636612540aaa?pid=MOBHMYWRYFQZG9PP&lid=LSTMOBHMYWRYFQZG9PP9F6HSP&marketplace=FLIPKART&q=mobiles&store=tyy%2F4io&srno=s_2_34&otracker=AS_Query_TrendingAutoSuggest_1_0_na_na_na&otracker1=AS_Query_TrendingAutoSuggest_1_0_na_na_na&fm=search-autosuggest&iid=f349873d-de9e-434d-94a0-2238bcd842a1.MOBHMYWRYFQZG9PP.SEARCH&ppt=sp&ppn=sp&ssid=0kzfcqsy5s0000001782066539034&qH=eb4af0bf07c16429&ov_redirect=true","https://rukminim2.flixcart.com/image/312/312/xif0q/mobile/d/h/f/-original-imahmqbhtry2rbne.jpeg?q=70"
"vivo T5 Pro 5G (Glacier Blue, 256 GB)","₹36,999","₹61,999","40% off","4.5","5,084 Ratings","https://www.flipkart.com/vivo-t5-pro-5g-glacier-blue-256-gb/p/itma21e2e09d4493?pid=MOBHM4FZHYYZW8YZ&lid=LSTMOBHM4FZHYYZW8YZSNWZNF&marketplace=FLIPKART&q=mobiles&store=tyy%2F4io&srno=s_3_51&otracker=AS_Query_TrendingAutoSuggest_1_0_na_na_na&otracker1=AS_Query_TrendingAutoSuggest_1_0_na_na_na&fm=search-autosuggest&iid=32049e82-0916-4dda-b943-9dda091389d9.MOBHM4FZHYYZW8YZ.SEARCH&ppt=sp&ppn=sp&ssid=0kzfcqsy5s0000001782066539034&qH=eb4af0bf07c16429&ov_redirect=true","https://rukminim2.flixcart.com/image/312/312/xif0q/mobile/h/d/z/-original-imahmhjaxfexnj7n.jpeg?q=70"
"realme Narzo 100 Lite 5G (Frost Silver, 64 GB)","₹14,788","₹24,999","40% off","4.1","529 Ratings","https://www.flipkart.com/realme-narzo-100-lite-5g-frost-silver-64-gb/p/itm659398bfe469c?pid=MOBHMZ3SPJZGNYQR&lid=LSTMOBHMZ3SPJZGNYQRIAWZBZ&marketplace=FLIPKART&q=mobiles&store=tyy%2F4io&srno=s_3_62&otracker=AS_Query_TrendingAutoSuggest_1_0_na_na_na&otracker1=AS_Query_TrendingAutoSuggest_1_0_na_na_na&fm=search-autosuggest&iid=32049e82-0916-4dda-b943-9dda091389d9.MOBHMZ3SPJZGNYQR.SEARCH&ppt=sp&ppn=sp&ssid=0kzfcqsy5s0000001782066539034&qH=eb4af0bf07c16429&ov_redirect=true","https://rukminim2.flixcart.com/image/312/312/xif0q/mobile/q/r/l/narzo-100-lite-5g-rmx3902-realme-original-imahmz3qgbczkf6z.jpeg?q=70"
"realme Narzo 100 Lite 5G (Frost Silver, 128 GB)","₹19,224","₹31,999","39% off","3.6","31 Ratings","https://www.flipkart.com/realme-narzo-100-lite-5g-frost-silver-128-gb/p/itm659398bfe469c?pid=MOBHMZ3QYVFHZCAH&lid=LSTMOBHMZ3QYVFHZCAHYSWC2U&marketplace=FLIPKART&q=mobiles&store=tyy%2F4io&srno=s_3_59&otracker=AS_Query_TrendingAutoSuggest_1_0_na_na_na&otracker1=AS_Query_TrendingAutoSuggest_1_0_na_na_na&fm=search-autosuggest&iid=32049e82-0916-4dda-b943-9dda091389d9.MOBHMZ3QYVFHZCAH.SEARCH&ppt=sp&ppn=sp&ssid=0kzfcqsy5s0000001782066539034&qH=eb4af0bf07c16429&ov_redirect=true","https://rukminim2.flixcart.com/image/312/312/xif0q/mobile/q/r/l/narzo-100-lite-5g-rmx3902-realme-original-imahmz3qgbczkf6z.jpeg?q=70"
"POCO C85x (Elite Black, 128 GB)","₹13,499","₹21,999","38% off","4.1","2,445 Ratings","https://www.flipkart.com/poco-c85x-elite-black-128-gb/p/itm7e422d0bdc317?pid=MOBHMGG5NGH9MQBY&lid=LSTMOBHMGG5NGH9MQBYWJQIAO&marketplace=FLIPKART&q=mobiles&store=tyy%2F4io&srno=s_1_7&otracker=AS_Query_TrendingAutoSuggest_1_0_na_na_na&otracker1=AS_Query_TrendingAutoSuggest_1_0_na_na_na&fm=organic&iid=d632f158-2d97-4a37-bcd4-2e8af156e697.MOBHMGG5NGH9MQBY.SEARCH&ppt=None&ppn=None&ssid=0kzfcqsy5s0000001782066539034&qH=eb4af0bf07c16429&ov_redirect=true","https://rukminim2.flixcart.com/image/312/312/xif0q/mobile/k/g/n/-original-imahmqgabnzytsgk.jpeg?q=70"
"POCO C85x (Emerald Green, 128 GB)","₹13,499","₹21,999","38% off","4.1","2,445 Ratings","https://www.flipkart.com/poco-c85x-emerald-green-128-gb/p/itm2ed0d15dfc872?pid=MOBHMGG5JUYG9DCY&lid=LSTMOBHMGG5JUYG9DCYJKSAIE&marketplace=FLIPKART&q=mobiles&store=tyy%2F4io&srno=s_2_28&otracker=AS_Query_TrendingAutoSuggest_1_0_na_na_na&otracker1=AS_Query_TrendingAutoSuggest_1_0_na_na_na&fm=search-autosuggest&iid=f349873d-de9e-434d-94a0-2238bcd842a1.MOBHMGG5JUYG9DCY.SEARCH&ppt=sp&ppn=sp&ssid=0kzfcqsy5s0000001782066539034&qH=eb4af0bf07c16429&ov_redirect=true","https://rukminim2.flixcart.com/image/312/312/xif0q/mobile/q/7/s/-original-imahmqganju6a3gt.jpeg?q=70"
"POCO C85x (Sunset Gold, 128 GB)","₹13,499","₹21,999","38% off","4.1","2,445 Ratings","https://www.flipkart.com/poco-c85x-sunset-gold-128-gb/p/itm5e970a19e6ad3?pid=MOBHMGG5BR94DQRY&lid=LSTMOBHMGG5BR94DQRYIJOZHH&marketplace=FLIPKART&q=mobiles&store=tyy%2F4io&srno=s_2_31&otracker=AS_Query_TrendingAutoSuggest_1_0_na_na_na&otracker1=AS_Query_TrendingAutoSuggest_1_0_na_na_na&fm=search-autosuggest&iid=f349873d-de9e-434d-94a0-2238bcd842a1.MOBHMGG5BR94DQRY.SEARCH&ppt=sp&ppn=sp&ssid=0kzfcqsy5s0000001782066539034&qH=eb4af0bf07c16429&ov_redirect=true","https://rukminim2.flixcart.com/image/312/312/xif0q/mobile/a/g/l/-original-imahmqga4sxzfnzn.jpeg?q=70"
"Apple iPhone 8 Plus (Silver, 64 GB)","₹49,900","₹80,730","38% off","4.6","3,401 Ratings","https://www.flipkart.com/apple-iphone-8-plus-silver-64-gb/p/itmexrgv7yfjbryy?pid=MOBEXRGVQGYYP8FV&lid=LSTMOBEXRGVQGYYP8FVDQUZL8&marketplace=FLIPKART&q=mobiles&store=tyy%2F4io&srno=s_5_114&otracker=AS_Query_TrendingAutoSuggest_1_0_na_na_na&otracker1=AS_Query_TrendingAutoSuggest_1_0_na_na_na&fm=search-autosuggest&iid=1c60518b-2b16-443c-b5cb-650c402af52e.MOBEXRGVQGYYP8FV.SEARCH&ppt=sp&ppn=sp&ssid=0kzfcqsy5s0000001782066539034&qH=eb4af0bf07c16429&ov_redirect=true","https://rukminim2.flixcart.com/image/312/312/j7ksia80/mobile/x/w/z/apple-iphone-8-plus-mq8h2hn-a-original-imaexsfhxjxbupzx.jpeg?q=70"
"Infinix SMART 20 (Sunlike Orange, 64 GB)","₹12,499","₹19,999","37% off","3.8","35 Ratings","https://www.flipkart.com/infinix-smart-20-sunlike-orange-64-gb/p/itmf761cd49f9162?pid=MOBHNMEEHHA6JFGF&lid=LSTMOBHNMEEHHA6JFGFOAPBH0&marketplace=FLIPKART&q=mobiles&store=tyy%2F4io&srno=s_2_46&otracker=AS_Query_TrendingAutoSuggest_1_0_na_na_na&otracker1=AS_Query_TrendingAutoSuggest_1_0_na_na_na&fm=search-autosuggest&iid=f349873d-de9e-434d-94a0-2238bcd842a1.MOBHNMEEHHA6JFGF.SEARCH&ppt=sp&ppn=sp&ssid=0kzfcqsy5s0000001782066539034&qH=eb4af0bf07c16429&ov_redirect=true","https://rukminim2.flixcart.com/image/312/312/xif0q/mobile/z/0/6/-original-imahz3cfwvebdxzh.jpeg?q=70"
"Infinix SMART 20 (Cloudline Blue, 64 GB)","₹12,499","₹19,999","37% off","3.8","35 Ratings","https://www.flipkart.com/infinix-smart-20-cloudline-blue-64-gb/p/itmf761cd49f9162?pid=MOBHNMEEVKHN6S6H&lid=LSTMOBHNMEEVKHN6S6HU2NORG&marketplace=FLIPKART&q=mobiles&store=tyy%2F4io&srno=s_4_76&otracker=AS_Query_TrendingAutoSuggest_1_0_na_na_na&otracker1=AS_Query_TrendingAutoSuggest_1_0_na_na_na&fm=search-autosuggest&iid=a6cf0ecf-171d-4c3e-9a8b-d79c956faa7f.MOBHNMEEVKHN6S6H.SEARCH&ppt=sp&ppn=sp&ssid=0kzfcqsy5s0000001782066539034&qH=eb4af0bf07c16429&ov_redirect=true","https://rukminim2.flixcart.com/image/312/312/xif0q/mobile/i/m/n/-original-imahz3cf2qcuhwwz.jpeg?q=70"
"Infinix SMART 20 (Polaris Titanium, 64 GB)","₹12,499","₹19,999","37% off","3.8","35 Ratings","https://www.flipkart.com/infinix-smart-20-polaris-titanium-64-gb/p/itmf761cd49f9162?pid=MOBHNMEETYFWZNHQ&lid=LSTMOBHNMEETYFWZNHQVTGCIP&marketplace=FLIPKART&q=mobiles&store=tyy%2F4io&srno=s_4_86&otracker=AS_Query_TrendingAutoSuggest_1_0_na_na_na&otracker1=AS_Query_TrendingAutoSuggest_1_0_na_na_na&fm=search-autosuggest&iid=a6cf0ecf-171d-4c3e-9a8b-d79c956faa7f.MOBHNMEETYFWZNHQ.SEARCH&ppt=sp&ppn=sp&ssid=0kzfcqsy5s0000001782066539034&qH=eb4af0bf07c16429&ov_redirect=true","https://rukminim2.flixcart.com/image/312/312/xif0q/mobile/0/q/r/-original-imahz3cf8wtxxuns.jpeg?q=70"
"Infinix SMART 20 (Shadow Black, 64 GB)","₹12,499","₹19,999","37% off","3.8","35 Ratings","https://www.flipkart.com/infinix-smart-20-shadow-black-64-gb/p/itmf761cd49f9162?pid=MOBHNMEEJVRS9GJG&lid=LSTMOBHNMEEJVRS9GJG6RX37Q&marketplace=FLIPKART&q=mobiles&store=tyy%2F4io&srno=s_5_100&otracker=AS_Query_TrendingAutoSuggest_1_0_na_na_na&otracker1=AS_Query_TrendingAutoSuggest_1_0_na_na_na&fm=search-autosuggest&iid=1c60518b-2b16-443c-b5cb-650c402af52e.MOBHNMEEJVRS9GJG.SEARCH&ppt=sp&ppn=sp&ssid=0kzfcqsy5s0000001782066539034&qH=eb4af0bf07c16429&ov_redirect=true","https://rukminim2.flixcart.com/image/312/312/xif0q/mobile/2/v/b/-original-imahz3cfuvhpdvty.jpeg?q=70"
"Infinix SMART 20 (Sunlike Orange, 128 GB)","₹13,999","₹21,999","36% off","3.8","35 Ratings","https://www.flipkart.com/infinix-smart-20-sunlike-orange-128-gb/p/itmf761cd49f9162?pid=MOBHNMEEFAWCYC5E&lid=LSTMOBHNMEEFAWCYC5EUPDPZ1&marketplace=FLIPKART&q=mobiles&store=tyy%2F4io&srno=s_3_49&otracker=AS_Query_TrendingAutoSuggest_1_0_na_na_na&otracker1=AS_Query_TrendingAutoSuggest_1_0_na_na_na&fm=search-autosuggest&iid=32049e82-0916-4dda-b943-9dda091389d9.MOBHNMEEFAWCYC5E.SEARCH&ppt=sp&ppn=sp&ssid=0kzfcqsy5s0000001782066539034&qH=eb4af0bf07c16429&ov_redirect=true","https://rukminim2.flixcart.com/image/312/312/xif0q/mobile/z/0/6/-original-imahz3cfwvebdxzh.jpeg?q=70"
"Infinix SMART 20 (Polaris Titanium, 128 GB)","₹13,999","₹21,999","36% off","3.8","35 Ratings","https://www.flipkart.com/infinix-smart-20-polaris-titanium-128-gb/p/itmf761cd49f9162?pid=MOBHNMEETXX5QDBC&lid=LSTMOBHNMEETXX5QDBCJXXED8&marketplace=FLIPKART&q=mobiles&store=tyy%2F4io&srno=s_4_90&otracker=AS_Query_TrendingAutoSuggest_1_0_na_na_na&otracker1=AS_Query_TrendingAutoSuggest_1_0_na_na_na&fm=search-autosuggest&iid=a6cf0ecf-171d-4c3e-9a8b-d79c956faa7f.MOBHNMEETXX5QDBC.SEARCH&ppt=sp&ppn=sp&ssid=0kzfcqsy5s0000001782066539034&qH=eb4af0bf07c16429&ov_redirect=true","https://rukminim2.flixcart.com/image/312/312/xif0q/mobile/0/q/r/-original-imahz3cf8wtxxuns.jpeg?q=70"
"Infinix SMART 20 (Cloudline Blue, 128 GB)","₹13,999","₹21,999","36% off","3.8","35 Ratings","https://www.flipkart.com/infinix-smart-20-cloudline-blue-128-gb/p/itmf761cd49f9162?pid=MOBHNMEE6UVF6RXZ&lid=LSTMOBHNMEE6UVF6RXZ4ZO94U&marketplace=FLIPKART&q=mobiles&store=tyy%2F4io&srno=s_4_94&otracker=AS_Query_TrendingAutoSuggest_1_0_na_na_na&otracker1=AS_Query_TrendingAutoSuggest_1_0_na_na_na&fm=search-autosuggest&iid=a6cf0ecf-171d-4c3e-9a8b-d79c956faa7f.MOBHNMEE6UVF6RXZ.SEARCH&ppt=sp&ppn=sp&ssid=0kzfcqsy5s0000001782066539034&qH=eb4af0bf07c16429&ov_redirect=true","https://rukminim2.flixcart.com/image/312/312/xif0q/mobile/i/m/n/-original-imahz3cf2qcuhwwz.jpeg?q=70"
"Infinix SMART 20 (Shadow Black, 128 GB)","₹13,999","₹21,999","36% off","3.8","35 Ratings","https://www.flipkart.com/infinix-smart-20-shadow-black-128-gb/p/itmf761cd49f9162?pid=MOBHNMEESZ6UZKPH&lid=LSTMOBHNMEESZ6UZKPHGRELDX&marketplace=FLIPKART&q=mobiles&store=tyy%2F4io&spotlightTagId=default_TrendingId_tyy%2F4io&srno=s_5_107&otracker=AS_Query_TrendingAutoSuggest_1_0_na_na_na&otracker1=AS_Query_TrendingAutoSuggest_1_0_na_na_na&fm=search-autosuggest&iid=1c60518b-2b16-443c-b5cb-650c402af52e.MOBHNMEESZ6UZKPH.SEARCH&ppt=sp&ppn=sp&ssid=0kzfcqsy5s0000001782066539034&qH=eb4af0bf07c16429&ov_redirect=true","https://rukminim2.flixcart.com/image/312/312/xif0q/mobile/2/v/b/-original-imahz3cfuvhpdvty.jpeg?q=70"
"Apple iPhone 8 Plus (Gold, 64 GB)","₹49,900","₹77,060","35% off","4.6","3,401 Ratings","https://www.flipkart.com/apple-iphone-8-plus-gold-64-gb/p/itmexrgvuzgzttzh?pid=MOBEXRGV7EHHTGUH&lid=LSTMOBEXRGV7EHHTGUHS9DJVE&marketplace=FLIPKART&q=mobiles&store=tyy%2F4io&srno=s_5_115&otracker=AS_Query_TrendingAutoSuggest_1_0_na_na_na&otracker1=AS_Query_TrendingAutoSuggest_1_0_na_na_na&fm=search-autosuggest&iid=1c60518b-2b16-443c-b5cb-650c402af52e.MOBEXRGV7EHHTGUH.SEARCH&ppt=sp&ppn=sp&ssid=0kzfcqsy5s0000001782066539034&qH=eb4af0bf07c16429&ov_redirect=true","https://rukminim2.flixcart.com/image/312/312/j7ksia80/mobile/u/z/b/apple-iphone-8-plus-mq8j2hn-a-original-imaexsfmnxjcfc8t.jpeg?q=70"
"OPPO F33 5G (Forest Green, 128 GB)","₹31,999","₹48,999","34% off","4.4","38 Ratings","https://www.flipkart.com/oppo-f33-5g-forest-green-128-gb/p/itm8c5d4a65602fd?pid=MOBHM48F4MDSZTQH&lid=LSTMOBHM48F4MDSZTQHVIW5JO&marketplace=FLIPKART&q=mobiles&store=tyy%2F4io&srno=s_3_60&otracker=AS_Query_TrendingAutoSuggest_1_0_na_na_na&otracker1=AS_Query_TrendingAutoSuggest_1_0_na_na_na&fm=search-autosuggest&iid=32049e82-0916-4dda-b943-9dda091389d9.MOBHM48F4MDSZTQH.SEARCH&ppt=sp&ppn=sp&ssid=0kzfcqsy5s0000001782066539034&qH=eb4af0bf07c16429&ov_redirect=true","https://rukminim2.flixcart.com/image/312/312/xif0q/mobile/3/t/t/-original-imahmjjrhqmfmyqq.jpeg?q=70"
"OPPO F33 5G (Pearl White, 128 GB)","₹31,999","₹48,999","34% off","4.4","38 Ratings","https://www.flipkart.com/oppo-f33-5g-pearl-white-128-gb/p/itm8c5d4a65602fd?pid=MOBHM48FGAEZXJE8&lid=LSTMOBHM48FGAEZXJE8LBD6SH&marketplace=FLIPKART&q=mobiles&store=tyy%2F4io&srno=s_4_95&otracker=AS_Query_TrendingAutoSuggest_1_0_na_na_na&otracker1=AS_Query_TrendingAutoSuggest_1_0_na_na_na&fm=search-autosuggest&iid=a6cf0ecf-171d-4c3e-9a8b-d79c956faa7f.MOBHM48FGAEZXJE8.SEARCH&ppt=sp&ppn=sp&ssid=0kzfcqsy5s0000001782066539034&qH=eb4af0bf07c16429&ov_redirect=true","https://rukminim2.flixcart.com/image/312/312/xif0q/mobile/z/p/q/-original-imahmjjrrhb9gfz5.jpeg?q=70"
"OPPO F33 5G (Pearl White, 128 GB)","₹34,999","₹52,999","33% off","4.4","40 Ratings","https://www.flipkart.com/oppo-f33-5g-pearl-white-128-gb/p/itm8c5d4a65602fd?pid=MOBHM48FPDYAV84F&lid=LSTMOBHM48FPDYAV84FUSKVC5&marketplace=FLIPKART&q=mobiles&store=tyy%2F4io&srno=s_3_58&otracker=AS_Query_TrendingAutoSuggest_1_0_na_na_na&otracker1=AS_Query_TrendingAutoSuggest_1_0_na_na_na&fm=search-autosuggest&iid=32049e82-0916-4dda-b943-9dda091389d9.MOBHM48FPDYAV84F.SEARCH&ppt=sp&ppn=sp&ssid=0kzfcqsy5s0000001782066539034&qH=eb4af0bf07c16429&ov_redirect=true","https://rukminim2.flixcart.com/image/312/312/xif0q/mobile/z/p/q/-original-imahmjjrrhb9gfz5.jpeg?q=70"
"realme 7 (Mist White, 64 GB)","₹11,999","₹17,999","33% off","4.4","2,57,677 Ratings","https://www.flipkart.com/realme-7-mist-white-64-gb/p/itme55d08631f19b?pid=MOBFUYUNDSH7NMVT&lid=LSTMOBFUYUNDSH7NMVTXOUMQO&marketplace=FLIPKART&q=mobiles&store=tyy%2F4io&srno=s_3_70&otracker=AS_Query_TrendingAutoSuggest_1_0_na_na_na&otracker1=AS_Query_TrendingAutoSuggest_1_0_na_na_na&fm=search-autosuggest&iid=32049e82-0916-4dda-b943-9dda091389d9.MOBFUYUNDSH7NMVT.SEARCH&ppt=sp&ppn=sp&ssid=0kzfcqsy5s0000001782066539034&qH=eb4af0bf07c16429&ov_redirect=true","https://rukminim2.flixcart.com/image/312/312/kekadu80/mobile/y/9/m/realme-7-rmx2151-original-imafv73g5kwrbqrp.jpeg?q=70"
"vivo X300 FE (Urban Olive, 256 GB)","₹79,999","₹1,19,999","33% off","4.6","152 Ratings","https://www.flipkart.com/vivo-x300-fe-urban-olive-256-gb/p/itm0c1929579cabb?pid=MOBHMKZ8KFFYHSZ5&lid=LSTMOBHMKZ8KFFYHSZ5T0TP2Y&marketplace=FLIPKART&q=mobiles&store=tyy%2F4io&srno=s_4_78&otracker=AS_Query_TrendingAutoSuggest_1_0_na_na_na&otracker1=AS_Query_TrendingAutoSuggest_1_0_na_na_na&fm=search-autosuggest&iid=a6cf0ecf-171d-4c3e-9a8b-d79c956faa7f.MOBHMKZ8KFFYHSZ5.SEARCH&ppt=sp&ppn=sp&ssid=0kzfcqsy5s0000001782066539034&qH=eb4af0bf07c16429&ov_redirect=true","https://rukminim2.flixcart.com/image/312/312/xif0q/mobile/n/q/b/-original-imahnhc3jzeqmvh8.jpeg?q=70"
"vivo X300 FE (Lilac Purple, 256 GB)","₹79,999","₹1,19,999","33% off","4.6","152 Ratings","https://www.flipkart.com/vivo-x300-fe-lilac-purple-256-gb/p/itm0c1929579cabb?pid=MOBHMKZ8CGVGTRBF&lid=LSTMOBHMKZ8CGVGTRBFGM9PKT&marketplace=FLIPKART&q=mobiles&store=tyy%2F4io&srno=s_4_82&otracker=AS_Query_TrendingAutoSuggest_1_0_na_na_na&otracker1=AS_Query_TrendingAutoSuggest_1_0_na_na_na&fm=search-autosuggest&iid=a6cf0ecf-171d-4c3e-9a8b-d79c956faa7f.MOBHMKZ8CGVGTRBF.SEARCH&ppt=sp&ppn=sp&ssid=0kzfcqsy5s0000001782066539034&qH=eb4af0bf07c16429&ov_redirect=true","https://rukminim2.flixcart.com/image/312/312/xif0q/mobile/f/e/k/-original-imahnhc3he4zarkm.jpeg?q=70"
"vivo X300 FE (Noir Black, 256 GB)","₹79,999","₹1,19,999","33% off","4.6","152 Ratings","https://www.flipkart.com/vivo-x300-fe-noir-black-256-gb/p/itm0c1929579cabb?pid=MOBHMKZ8QBZCHJHZ&lid=LSTMOBHMKZ8QBZCHJHZ1Z1QPL&marketplace=FLIPKART&q=mobiles&store=tyy%2F4io&srno=s_4_92&otracker=AS_Query_TrendingAutoSuggest_1_0_na_na_na&otracker1=AS_Query_TrendingAutoSuggest_1_0_na_na_na&fm=search-autosuggest&iid=a6cf0ecf-171d-4c3e-9a8b-d79c956faa7f.MOBHMKZ8QBZCHJHZ.SEARCH&ppt=sp&ppn=sp&ssid=0kzfcqsy5s0000001782066539034&qH=eb4af0bf07c16429&ov_redirect=true","https://rukminim2.flixcart.com/image/312/312/xif0q/mobile/4/w/q/-original-imahnhc3zpmrz9kj.jpeg?q=70"
"OPPO F33 5G (Forest Green, 128 GB)","₹34,999","₹52,999","33% off","4.4","40 Ratings","https://www.flipkart.com/oppo-f33-5g-forest-green-128-gb/p/itm8c5d4a65602fd?pid=MOBHM48FAG5NJ2VJ&lid=LSTMOBHM48FAG5NJ2VJRBR0O6&marketplace=FLIPKART&q=mobiles&store=tyy%2F4io&srno=s_5_103&otracker=AS_Query_TrendingAutoSuggest_1_0_na_na_na&otracker1=AS_Query_TrendingAutoSuggest_1_0_na_na_na&fm=search-autosuggest&iid=1c60518b-2b16-443c-b5cb-650c402af52e.MOBHM48FAG5NJ2VJ.SEARCH&ppt=sp&ppn=sp&ssid=0kzfcqsy5s0000001782066539034&qH=eb4af0bf07c16429&ov_redirect=true","https://rukminim2.flixcart.com/image/312/312/xif0q/mobile/3/t/t/-original-imahmjjrhqmfmyqq.jpeg?q=70"
"Apple iPhone 8 Plus (Space Grey, 64 GB)","₹49,900","₹74,624","33% off","4.6","3,401 Ratings","https://www.flipkart.com/apple-iphone-8-plus-space-grey-64-gb/p/itmexrgvehtzhh9v?pid=MOBEXRGVQKBREZP8&lid=LSTMOBEXRGVQKBREZP8PI8YSV&marketplace=FLIPKART&q=mobiles&store=tyy%2F4io&srno=s_5_116&otracker=AS_Query_TrendingAutoSuggest_1_0_na_na_na&otracker1=AS_Query_TrendingAutoSuggest_1_0_na_na_na&fm=search-autosuggest&iid=1c60518b-2b16-443c-b5cb-650c402af52e.MOBEXRGVQKBREZP8.SEARCH&ppt=sp&ppn=sp&ssid=0kzfcqsy5s0000001782066539034&qH=eb4af0bf07c16429&ov_redirect=true","https://rukminim2.flixcart.com/image/312/312/j7ksia80/mobile/t/4/f/apple-iphone-8-plus-mq8g2hn-a-original-imaexsfhxepbngdq.jpeg?q=70"
"OPPO F33 5G (Pearl White, 256 GB)","₹37,998","₹55,999","32% off","4.4","40 Ratings","https://www.flipkart.com/oppo-f33-5g-pearl-white-256-gb/p/itm8c5d4a65602fd?pid=MOBHM48FD8UMWFHH&lid=LSTMOBHM48FD8UMWFHHVP9UHT&marketplace=FLIPKART&q=mobiles&store=tyy%2F4io&srno=s_3_69&otracker=AS_Query_TrendingAutoSuggest_1_0_na_na_na&otracker1=AS_Query_TrendingAutoSuggest_1_0_na_na_na&fm=search-autosuggest&iid=32049e82-0916-4dda-b943-9dda091389d9.MOBHM48FD8UMWFHH.SEARCH&ppt=sp&ppn=sp&ssid=0kzfcqsy5s0000001782066539034&qH=eb4af0bf07c16429&ov_redirect=true","https://rukminim2.flixcart.com/image/312/312/xif0q/mobile/z/p/q/-original-imahmjjrrhb9gfz5.jpeg?q=70"
"OPPO F33 Pro 5G (Passion Red, 128 GB)","₹37,995","₹55,999","32% off","4.3","80 Ratings","https://www.flipkart.com/oppo-f33-pro-5g-passion-red-128-gb/p/itme0e9af182d309?pid=MOBHM48FVEZEJBTP&lid=LSTMOBHM48FVEZEJBTPTSUVMK&marketplace=FLIPKART&q=mobiles&store=tyy%2F4io&srno=s_4_74&otracker=AS_Query_TrendingAutoSuggest_1_0_na_na_na&otracker1=AS_Query_TrendingAutoSuggest_1_0_na_na_na&fm=search-autosuggest&iid=a6cf0ecf-171d-4c3e-9a8b-d79c956faa7f.MOBHM48FVEZEJBTP.SEARCH&ppt=sp&ppn=sp&ssid=0kzfcqsy5s0000001782066539034&qH=eb4af0bf07c16429&ov_redirect=true","https://rukminim2.flixcart.com/image/312/312/xif0q/mobile/o/b/j/-original-imahmgg8qztnsaqk.jpeg?q=70"
"OPPO F33 5G (Forest Green, 256 GB)","₹37,998","₹55,999","32% off","4.4","40 Ratings","https://www.flipkart.com/oppo-f33-5g-forest-green-256-gb/p/itm8c5d4a65602fd?pid=MOBHM48FHHMNQPZG&lid=LSTMOBHM48FHHMNQPZGST2R1B&marketplace=FLIPKART&q=mobiles&store=tyy%2F4io&srno=s_4_84&otracker=AS_Query_TrendingAutoSuggest_1_0_na_na_na&otracker1=AS_Query_TrendingAutoSuggest_1_0_na_na_na&fm=search-autosuggest&iid=a6cf0ecf-171d-4c3e-9a8b-d79c956faa7f.MOBHM48FHHMNQPZG.SEARCH&ppt=sp&ppn=sp&ssid=0kzfcqsy5s0000001782066539034&qH=eb4af0bf07c16429&ov_redirect=true","https://rukminim2.flixcart.com/image/312/312/xif0q/mobile/3/t/t/-original-imahmjjrhqmfmyqq.jpeg?q=70"
"OPPO F33 Pro 5G (Misty Forest, 128 GB)","₹37,999","₹55,999","32% off","4.3","80 Ratings","https://www.flipkart.com/oppo-f33-pro-5g-misty-forest-128-gb/p/itme0e9af182d309?pid=MOBHM48FD53MHE92&lid=LSTMOBHM48FD53MHE92JP0ZBD&marketplace=FLIPKART&q=mobiles&store=tyy%2F4io&srno=s_4_87&otracker=AS_Query_TrendingAutoSuggest_1_0_na_na_na&otracker1=AS_Query_TrendingAutoSuggest_1_0_na_na_na&fm=search-autosuggest&iid=a6cf0ecf-171d-4c3e-9a8b-d79c956faa7f.MOBHM48FD53MHE92.SEARCH&ppt=sp&ppn=sp&ssid=0kzfcqsy5s0000001782066539034&qH=eb4af0bf07c16429&ov_redirect=true","https://rukminim2.flixcart.com/image/312/312/xif0q/mobile/x/c/n/-original-imahmgg8thfgkshh.jpeg?q=70"
"OPPO F33 Pro 5G (Starry Blue, 128 GB)","₹37,998","₹55,999","32% off","4.3","80 Ratings","https://www.flipkart.com/oppo-f33-pro-5g-starry-blue-128-gb/p/itme0e9af182d309?pid=MOBHM48FZGDYY9D7&lid=LSTMOBHM48FZGDYY9D7U93T9L&marketplace=FLIPKART&q=mobiles&store=tyy%2F4io&srno=s_5_97&otracker=AS_Query_TrendingAutoSuggest_1_0_na_na_na&otracker1=AS_Query_TrendingAutoSuggest_1_0_na_na_na&fm=search-autosuggest&iid=1c60518b-2b16-443c-b5cb-650c402af52e.MOBHM48FZGDYY9D7.SEARCH&ppt=sp&ppn=sp&ssid=0kzfcqsy5s0000001782066539034&qH=eb4af0bf07c16429&ov_redirect=true","https://rukminim2.flixcart.com/image/312/312/xif0q/mobile/w/v/q/-original-imahmgg8yybhxyjz.jpeg?q=70"
"OPPO Find X9 Ultra (Canyon Orange, 512 GB)","₹1,69,999","₹2,49,999","32% off","5","5 Ratings","https://www.flipkart.com/oppo-find-x9-ultra-canyon-orange-512-gb/p/itma944cf479f633?pid=MOBHN7ZWZJWGGTY9&lid=LSTMOBHN7ZWZJWGGTY9MZMCZM&marketplace=FLIPKART&q=mobiles&store=tyy%2F4io&srno=s_5_98&otracker=AS_Query_TrendingAutoSuggest_1_0_na_na_na&otracker1=AS_Query_TrendingAutoSuggest_1_0_na_na_na&fm=search-autosuggest&iid=1c60518b-2b16-443c-b5cb-650c402af52e.MOBHN7ZWZJWGGTY9.SEARCH&ppt=sp&ppn=sp&ssid=0kzfcqsy5s0000001782066539034&qH=eb4af0bf07c16429&ov_redirect=true","https://rukminim2.flixcart.com/image/312/312/xif0q/mobile/h/r/9/-original-imahnhzt2zbnzjxj.jpeg?q=70"
"OPPO Find X9 Ultra (Tundra Umber, 512 GB)","₹1,69,999","₹2,49,999","32% off","5","5 Ratings","https://www.flipkart.com/oppo-find-x9-ultra-tundra-umber-512-gb/p/itma944cf479f633?pid=MOBHN7ZWPSTMNWUR&lid=LSTMOBHN7ZWPSTMNWUR28VZAZ&marketplace=FLIPKART&q=mobiles&store=tyy%2F4io&srno=s_5_108&otracker=AS_Query_TrendingAutoSuggest_1_0_na_na_na&otracker1=AS_Query_TrendingAutoSuggest_1_0_na_na_na&fm=search-autosuggest&iid=1c60518b-2b16-443c-b5cb-650c402af52e.MOBHN7ZWPSTMNWUR.SEARCH&ppt=sp&ppn=sp&ssid=0kzfcqsy5s0000001782066539034&qH=eb4af0bf07c16429&ov_redirect=true","https://rukminim2.flixcart.com/image/312/312/xif0q/mobile/y/u/3/-original-imahnhztf36wwkgs.jpeg?q=70"
"POCO X8 Pro (Black, 256 GB)","₹34,999","₹50,999","31% off","4.4","2,078 Ratings","https://www.flipkart.com/poco-x8-pro-black-256-gb/p/itmfbd9f2b2c7db9?pid=MOBHMGG5WYZAECZY&lid=LSTMOBHMGG5WYZAECZYYOYMMT&marketplace=FLIPKART&q=mobiles&store=tyy%2F4io&srno=s_2_33&otracker=AS_Query_TrendingAutoSuggest_1_0_na_na_na&otracker1=AS_Query_TrendingAutoSuggest_1_0_na_na_na&fm=search-autosuggest&iid=f349873d-de9e-434d-94a0-2238bcd842a1.MOBHMGG5WYZAECZY.SEARCH&ppt=sp&ppn=sp&ssid=0kzfcqsy5s0000001782066539034&qH=eb4af0bf07c16429&ov_redirect=true","https://rukminim2.flixcart.com/image/312/312/xif0q/mobile/c/f/r/-original-imahmqgaggagex35.jpeg?q=70"
"POCO X8 Pro (Green, 256 GB)","₹34,999","₹50,999","31% off","4.4","2,078 Ratings","https://www.flipkart.com/poco-x8-pro-green-256-gb/p/itme72bf861a71d4?pid=MOBHMGG5ME9NGD5C&lid=LSTMOBHMGG5ME9NGD5CMLGYZL&marketplace=FLIPKART&q=mobiles&store=tyy%2F4io&srno=s_2_44&otracker=AS_Query_TrendingAutoSuggest_1_0_na_na_na&otracker1=AS_Query_TrendingAutoSuggest_1_0_na_na_na&fm=search-autosuggest&iid=f349873d-de9e-434d-94a0-2238bcd842a1.MOBHMGG5ME9NGD5C.SEARCH&ppt=sp&ppn=sp&ssid=0kzfcqsy5s0000001782066539034&qH=eb4af0bf07c16429&ov_redirect=true","https://rukminim2.flixcart.com/image/312/312/xif0q/mobile/t/x/d/-original-imahmqgaxwkyudgk.jpeg?q=70"
"POCO X8 Pro (White, 256 GB)","₹34,999","₹50,999","31% off","4.4","2,078 Ratings","https://www.flipkart.com/poco-x8-pro-white-256-gb/p/itmaa692ca8a3b36?pid=MOBHMGG5QFZXHVAH&lid=LSTMOBHMGG5QFZXHVAH0PJMVC&marketplace=FLIPKART&q=mobiles&store=tyy%2F4io&srno=s_2_48&otracker=AS_Query_TrendingAutoSuggest_1_0_na_na_na&otracker1=AS_Query_TrendingAutoSuggest_1_0_na_na_na&fm=search-autosuggest&iid=f349873d-de9e-434d-94a0-2238bcd842a1.MOBHMGG5QFZXHVAH.SEARCH&ppt=sp&ppn=sp&ssid=0kzfcqsy5s0000001782066539034&qH=eb4af0bf07c16429&ov_redirect=true","https://rukminim2.flixcart.com/image/312/312/xif0q/mobile/n/z/e/-original-imahmqga2gftjkdu.jpeg?q=70"
"OPPO F33 Pro 5G (Starry Blue, 256 GB)","₹40,499","₹58,999","31% off","4.3","80 Ratings","https://www.flipkart.com/oppo-f33-pro-5g-starry-blue-256-gb/p/itme0e9af182d309?pid=MOBHM48FAF6WCCDN&lid=LSTMOBHM48FAF6WCCDNTJWRWG&marketplace=FLIPKART&q=mobiles&store=tyy%2F4io&srno=s_4_93&otracker=AS_Query_TrendingAutoSuggest_1_0_na_na_na&otracker1=AS_Query_TrendingAutoSuggest_1_0_na_na_na&fm=search-autosuggest&iid=a6cf0ecf-171d-4c3e-9a8b-d79c956faa7f.MOBHM48FAF6WCCDN.SEARCH&ppt=sp&ppn=sp&ssid=0kzfcqsy5s0000001782066539034&qH=eb4af0bf07c16429&ov_redirect=true","https://rukminim2.flixcart.com/image/312/312/xif0q/mobile/w/v/q/-original-imahmgg8yybhxyjz.jpeg?q=70"
"Infinix Zero Flip 5G (Rock Black, 512 GB)","₹54,999","₹79,999","31% off","4.2","320 Ratings","https://www.flipkart.com/infinix-zero-flip-5g-rock-black-512-gb/p/itmb0bc78f50baa0?pid=MOBH5F3GZV6WYYAK&lid=LSTMOBH5F3GZV6WYYAKHDELV1&marketplace=FLIPKART&q=mobiles&store=tyy%2F4io&srno=s_4_96&otracker=AS_Query_TrendingAutoSuggest_1_0_na_na_na&otracker1=AS_Query_TrendingAutoSuggest_1_0_na_na_na&fm=search-autosuggest&iid=a6cf0ecf-171d-4c3e-9a8b-d79c956faa7f.MOBH5F3GZV6WYYAK.SEARCH&ppt=sp&ppn=sp&ssid=0kzfcqsy5s0000001782066539034&qH=eb4af0bf07c16429&ov_redirect=true","https://rukminim2.flixcart.com/image/312/312/xif0q/mobile/e/h/z/zero-flip-5g-x6962-infinix-original-imah5ztehzcs3hnh.jpeg?q=70"
"OPPO Reno 12 Pro 5G (Sunset Gold, 256 GB)","₹36,929","₹53,999","31% off","4.4","5,336 Ratings","https://www.flipkart.com/oppo-reno-12-pro-5g-sunset-gold-256-gb/p/itmed01efe011f83?pid=MOBH2AHZWGRHRJYD&lid=LSTMOBH2AHZWGRHRJYDB2ZFC1&marketplace=FLIPKART&q=mobiles&store=tyy%2F4io&srno=s_5_105&otracker=AS_Query_TrendingAutoSuggest_1_0_na_na_na&otracker1=AS_Query_TrendingAutoSuggest_1_0_na_na_na&fm=search-autosuggest&iid=1c60518b-2b16-443c-b5cb-650c402af52e.MOBH2AHZWGRHRJYD.SEARCH&ppt=sp&ppn=sp&ssid=0kzfcqsy5s0000001782066539034&qH=eb4af0bf07c16429&ov_redirect=true","https://rukminim2.flixcart.com/image/312/312/xif0q/mobile/p/v/p/-original-imah3cmbhgfymupr.jpeg?q=70"
"Apple iPhone 6 Plus (Silver, 64 GB)","₹48,999","₹71,500","31% off","4.5","1,661 Ratings","https://www.flipkart.com/apple-iphone-6-plus-silver-64-gb/p/itmefjg7zpzfgb3c?pid=MOBEYHZ28ZYTRJYM&lid=LSTMOBEYHZ28ZYTRJYM7U1VJ8&marketplace=FLIPKART&q=mobiles&store=tyy%2F4io&srno=s_5_106&otracker=AS_Query_TrendingAutoSuggest_1_0_na_na_na&otracker1=AS_Query_TrendingAutoSuggest_1_0_na_na_na&fm=search-autosuggest&iid=1c60518b-2b16-443c-b5cb-650c402af52e.MOBEYHZ28ZYTRJYM.SEARCH&ppt=sp&ppn=sp&ssid=0kzfcqsy5s0000001782066539034&qH=eb4af0bf07c16429&ov_redirect=true","https://rukminim2.flixcart.com/image/312/312/mobile/m/q/k/apple-iphone-6-plus-original-imaeymdqartzwz76.jpeg?q=70"
"POCO C85 5G (Mystic Purple, 128 GB)","₹14,499","₹20,999","30% off","3.8","1,576 Ratings","https://www.flipkart.com/poco-c85-5g-mystic-purple-128-gb/p/itm74e2143a5de24?pid=MOBHMGG5UZHEVJBK&lid=LSTMOBHMGG5UZHEVJBK4YXSTE&marketplace=FLIPKART&q=mobiles&store=tyy%2F4io&srno=s_1_8&otracker=AS_Query_TrendingAutoSuggest_1_0_na_na_na&otracker1=AS_Query_TrendingAutoSuggest_1_0_na_na_na&fm=organic&iid=d632f158-2d97-4a37-bcd4-2e8af156e697.MOBHMGG5UZHEVJBK.SEARCH&ppt=None&ppn=None&ssid=0kzfcqsy5s0000001782066539034&qH=eb4af0bf07c16429&ov_redirect=true","https://rukminim2.flixcart.com/image/312/312/xif0q/mobile/m/b/b/-original-imahmqgaez6anq7z.jpeg?q=70"
"POCO C85 5G (Power Black, 128 GB)","₹14,499","₹20,999","30% off","3.8","1,576 Ratings","https://www.flipkart.com/poco-c85-5g-power-black-128-gb/p/itm1f62dee4df0ad?pid=MOBHMGG5DNYPWU9Q&lid=LSTMOBHMGG5DNYPWU9QRQJHJO&marketplace=FLIPKART&q=mobiles&store=tyy%2F4io&srno=s_1_13&otracker=AS_Query_TrendingAutoSuggest_1_0_na_na_na&otracker1=AS_Query_TrendingAutoSuggest_1_0_na_na_na&fm=organic&iid=d632f158-2d97-4a37-bcd4-2e8af156e697.MOBHMGG5DNYPWU9Q.SEARCH&ppt=None&ppn=None&ssid=0kzfcqsy5s0000001782066539034&qH=eb4af0bf07c16429&ov_redirect=true","https://rukminim2.flixcart.com/image/312/312/xif0q/mobile/p/9/o/-original-imahmqgajfkgzujf.jpeg?q=70"
"POCO C85 5G (Power Black, 128 GB)","₹15,999","₹22,999","30% off","4.2","1,021 Ratings","https://www.flipkart.com/poco-c85-5g-power-black-128-gb/p/itm2003fa46382ff?pid=MOBHMGG5HZK65TMX&lid=LSTMOBHMGG5HZK65TMXBPFU2S&marketplace=FLIPKART&q=mobiles&store=tyy%2F4io&srno=s_1_14&otracker=AS_Query_TrendingAutoSuggest_1_0_na_na_na&otracker1=AS_Query_TrendingAutoSuggest_1_0_na_na_na&fm=organic&iid=d632f158-2d97-4a37-bcd4-2e8af156e697.MOBHMGG5HZK65TMX.SEARCH&ppt=None&ppn=None&ssid=0kzfcqsy5s0000001782066539034&qH=eb4af0bf07c16429&ov_redirect=true","https://rukminim2.flixcart.com/image/312/312/xif0q/mobile/p/9/o/-original-imahmqgajfkgzujf.jpeg?q=70"
"POCO C85 5G (Mystic Purple, 128 GB)","₹15,999","₹22,999","30% off","4.2","1,021 Ratings","https://www.flipkart.com/poco-c85-5g-mystic-purple-128-gb/p/itmbab3636ca0451?pid=MOBHMGG5ZM2KRGEG&lid=LSTMOBHMGG5ZM2KRGEGQKY3FK&marketplace=FLIPKART&q=mobiles&store=tyy%2F4io&srno=s_1_19&otracker=AS_Query_TrendingAutoSuggest_1_0_na_na_na&otracker1=AS_Query_TrendingAutoSuggest_1_0_na_na_na&fm=organic&iid=d632f158-2d97-4a37-bcd4-2e8af156e697.MOBHMGG5ZM2KRGEG.SEARCH&ppt=None&ppn=None&ssid=0kzfcqsy5s0000001782066539034&qH=eb4af0bf07c16429&ov_redirect=true","https://rukminim2.flixcart.com/image/312/312/xif0q/mobile/m/b/b/-original-imahmqgaez6anq7z.jpeg?q=70"
"POCO C85 5G (Spring Green, 128 GB)","₹14,499","₹20,999","30% off","3.8","1,576 Ratings","https://www.flipkart.com/poco-c85-5g-spring-green-128-gb/p/itmc1e583dec018e?pid=MOBHMGG5GUM8R5GJ&lid=LSTMOBHMGG5GUM8R5GJ3EATHL&marketplace=FLIPKART&q=mobiles&store=tyy%2F4io&srno=s_2_26&otracker=AS_Query_TrendingAutoSuggest_1_0_na_na_na&otracker1=AS_Query_TrendingAutoSuggest_1_0_na_na_na&fm=search-autosuggest&iid=f349873d-de9e-434d-94a0-2238bcd842a1.MOBHMGG5GUM8R5GJ.SEARCH&ppt=sp&ppn=sp&ssid=0kzfcqsy5s0000001782066539034&qH=eb4af0bf07c16429&ov_redirect=true","https://rukminim2.flixcart.com/image/312/312/xif0q/mobile/f/r/o/-original-imahmqgakrq8cnty.jpeg?q=70"
"POCO C85 5G (Spring Green, 128 GB)","₹15,999","₹22,999","30% off","4.2","1,021 Ratings","https://www.flipkart.com/poco-c85-5g-spring-green-128-gb/p/itm9d5a621551d84?pid=MOBHMGG5UNCKYGPH&lid=LSTMOBHMGG5UNCKYGPHAQN71G&marketplace=FLIPKART&q=mobiles&store=tyy%2F4io&srno=s_3_50&otracker=AS_Query_TrendingAutoSuggest_1_0_na_na_na&otracker1=AS_Query_TrendingAutoSuggest_1_0_na_na_na&fm=search-autosuggest&iid=32049e82-0916-4dda-b943-9dda091389d9.MOBHMGG5UNCKYGPH.SEARCH&ppt=sp&ppn=sp&ssid=0kzfcqsy5s0000001782066539034&qH=eb4af0bf07c16429&ov_redirect=true","https://rukminim2.flixcart.com/image/312/312/xif0q/mobile/f/r/o/-original-imahmqgakrq8cnty.jpeg?q=70"
"OPPO F33 Pro 5G (Passion Red, 256 GB)","₹40,995","₹58,999","30% off","4.3","80 Ratings","https://www.flipkart.com/oppo-f33-pro-5g-passion-red-256-gb/p/itme0e9af182d309?pid=MOBHM48FFFNFR8YD&lid=LSTMOBHM48FFFNFR8YDUCVNNB&marketplace=FLIPKART&q=mobiles&store=tyy%2F4io&srno=s_3_63&otracker=AS_Query_TrendingAutoSuggest_1_0_na_na_na&otracker1=AS_Query_TrendingAutoSuggest_1_0_na_na_na&fm=search-autosuggest&iid=32049e82-0916-4dda-b943-9dda091389d9.MOBHM48FFFNFR8YD.SEARCH&ppt=sp&ppn=sp&ssid=0kzfcqsy5s0000001782066539034&qH=eb4af0bf07c16429&ov_redirect=true","https://rukminim2.flixcart.com/image/312/312/xif0q/mobile/o/b/j/-original-imahmgg8qztnsaqk.jpeg?q=70"
"realme P2 Pro 5G (Parrot Green, 128 GB)","₹17,999","₹25,999","30% off","4.4","17,491 Ratings","https://www.flipkart.com/realme-p2-pro-5g-parrot-green-128-gb/p/itm53d39fff9f20c?pid=MOBH45GSFFNCGSGR&lid=LSTMOBH45GSFFNCGSGRZYQX51&marketplace=FLIPKART&q=mobiles&store=tyy%2F4io&srno=s_3_66&otracker=AS_Query_TrendingAutoSuggest_1_0_na_na_na&otracker1=AS_Query_TrendingAutoSuggest_1_0_na_na_na&fm=search-autosuggest&iid=32049e82-0916-4dda-b943-9dda091389d9.MOBH45GSFFNCGSGR.SEARCH&ppt=sp&ppn=sp&ssid=0kzfcqsy5s0000001782066539034&qH=eb4af0bf07c16429&ov_redirect=true","https://rukminim2.flixcart.com/image/312/312/xif0q/mobile/p/y/k/-original-imah4t2mazqcnkrh.jpeg?q=70"
"vivo X300 FE (Noir Black, 512 GB)","₹89,999","₹1,29,999","30% off","4.6","152 Ratings","https://www.flipkart.com/vivo-x300-fe-noir-black-512-gb/p/itm0c1929579cabb?pid=MOBHMKZ8XZA9YY3C&lid=LSTMOBHMKZ8XZA9YY3CXROSPV&marketplace=FLIPKART&q=mobiles&store=tyy%2F4io&srno=s_3_72&otracker=AS_Query_TrendingAutoSuggest_1_0_na_na_na&otracker1=AS_Query_TrendingAutoSuggest_1_0_na_na_na&fm=search-autosuggest&iid=32049e82-0916-4dda-b943-9dda091389d9.MOBHMKZ8XZA9YY3C.SEARCH&ppt=sp&ppn=sp&ssid=0kzfcqsy5s0000001782066539034&qH=eb4af0bf07c16429&ov_redirect=true","https://rukminim2.flixcart.com/image/312/312/xif0q/mobile/4/w/q/-original-imahnhc3zpmrz9kj.jpeg?q=70"
"OPPO F33 Pro 5G (Misty Forest, 256 GB)","₹40,999","₹58,999","30% off","4.3","80 Ratings","https://www.flipkart.com/oppo-f33-pro-5g-misty-forest-256-gb/p/itme0e9af182d309?pid=MOBHM48FKDPACWCT&lid=LSTMOBHM48FKDPACWCTTODA2I&marketplace=FLIPKART&q=mobiles&store=tyy%2F4io&srno=s_4_85&otracker=AS_Query_TrendingAutoSuggest_1_0_na_na_na&otracker1=AS_Query_TrendingAutoSuggest_1_0_na_na_na&fm=search-autosuggest&iid=a6cf0ecf-171d-4c3e-9a8b-d79c956faa7f.MOBHM48FKDPACWCT.SEARCH&ppt=sp&ppn=sp&ssid=0kzfcqsy5s0000001782066539034&qH=eb4af0bf07c16429&ov_redirect=true","https://rukminim2.flixcart.com/image/312/312/xif0q/mobile/x/c/n/-original-imahmgg8thfgkshh.jpeg?q=70"
"vivo X300 FE (Lilac Purple, 512 GB)","₹89,999","₹1,29,999","30% off","4.6","152 Ratings","https://www.flipkart.com/vivo-x300-fe-lilac-purple-512-gb/p/itm0c1929579cabb?pid=MOBHMKZ89GMYKBMG&lid=LSTMOBHMKZ89GMYKBMG2GFTKW&marketplace=FLIPKART&q=mobiles&store=tyy%2F4io&srno=s_5_102&otracker=AS_Query_TrendingAutoSuggest_1_0_na_na_na&otracker1=AS_Query_TrendingAutoSuggest_1_0_na_na_na&fm=search-autosuggest&iid=1c60518b-2b16-443c-b5cb-650c402af52e.MOBHMKZ89GMYKBMG.SEARCH&ppt=sp&ppn=sp&ssid=0kzfcqsy5s0000001782066539034&qH=eb4af0bf07c16429&ov_redirect=true","https://rukminim2.flixcart.com/image/312/312/xif0q/mobile/f/e/k/-original-imahnhc3he4zarkm.jpeg?q=70"
"vivo X300 FE (Urban Olive, 512 GB)","₹89,999","₹1,29,999","30% off","4.6","152 Ratings","https://www.flipkart.com/vivo-x300-fe-urban-olive-512-gb/p/itm0c1929579cabb?pid=MOBHMKZ8HGPZDPZK&lid=LSTMOBHMKZ8HGPZDPZKPVSMEV&marketplace=FLIPKART&q=mobiles&store=tyy%2F4io&srno=s_5_104&otracker=AS_Query_TrendingAutoSuggest_1_0_na_na_na&otracker1=AS_Query_TrendingAutoSuggest_1_0_na_na_na&fm=search-autosuggest&iid=1c60518b-2b16-443c-b5cb-650c402af52e.MOBHMKZ8HGPZDPZK.SEARCH&ppt=sp&ppn=sp&ssid=0kzfcqsy5s0000001782066539034&qH=eb4af0bf07c16429&ov_redirect=true","https://rukminim2.flixcart.com/image/312/312/xif0q/mobile/n/q/b/-original-imahnhc3jzeqmvh8.jpeg?q=70"
"vivo V70 FE (Monsoon Blue 2026, 256 GB)","₹44,999","₹64,999","30% off","4.3","132 Ratings","https://www.flipkart.com/vivo-v70-fe-monsoon-blue-2026-256-gb/p/itmda852a903ef97?pid=MOBHZFFH4MRXJ8DB&lid=LSTMOBHZFFH4MRXJ8DB71NYLJ&marketplace=FLIPKART&q=mobiles&store=tyy%2F4io&srno=s_5_112&otracker=AS_Query_TrendingAutoSuggest_1_0_na_na_na&otracker1=AS_Query_TrendingAutoSuggest_1_0_na_na_na&fm=search-autosuggest&iid=1c60518b-2b16-443c-b5cb-650c402af52e.MOBHZFFH4MRXJ8DB.SEARCH&ppt=sp&ppn=sp&ssid=0kzfcqsy5s0000001782066539034&qH=eb4af0bf07c16429&ov_redirect=true","https://rukminim2.flixcart.com/image/312/312/xif0q/mobile/6/r/k/-original-imahz9tenzjuc5xx.jpeg?q=70"
"OPPO Reno8 5G (Shimmer Black, 128 GB)","₹26,999","₹38,999","30% off","4.3","37,297 Ratings","https://www.flipkart.com/oppo-reno8-5g-shimmer-black-128-gb/p/itmba1bc0bf67ccc?pid=MOBGFPE5BHY8QGEH&lid=LSTMOBGFPE5BHY8QGEHUBZHRY&marketplace=FLIPKART&q=mobiles&store=tyy%2F4io&srno=s_5_113&otracker=AS_Query_TrendingAutoSuggest_1_0_na_na_na&otracker1=AS_Query_TrendingAutoSuggest_1_0_na_na_na&fm=search-autosuggest&iid=1c60518b-2b16-443c-b5cb-650c402af52e.MOBGFPE5BHY8QGEH.SEARCH&ppt=sp&ppn=sp&ssid=0kzfcqsy5s0000001782066539034&qH=eb4af0bf07c16429&ov_redirect=true","https://rukminim2.flixcart.com/image/312/312/xif0q/mobile/y/s/b/-original-imaggg5sk9zpp8hs.jpeg?q=70"
"realme X50 Pro (Moss Green, 256 GB)","₹39,990","₹48,999","18% off","4.4","1,651 Ratings","https://www.flipkart.com/realme-x50-pro-moss-green-256-gb/p/itm13d1770db35a3?pid=MOBFP6WYFBVHDHY8&lid=LSTMOBFP6WYFBVHDHY8SQDQPY&marketplace=FLIPKART&q=mobiles&store=tyy%2F4io&spotlightTagId=default_TrendingId_tyy%2F4io&srno=s_5_99&otracker=AS_Query_TrendingAutoSuggest_1_0_na_na_na&otracker1=AS_Query_TrendingAutoSuggest_1_0_na_na_na&fm=search-autosuggest&iid=1c60518b-2b16-443c-b5cb-650c402af52e.MOBFP6WYFBVHDHY8.SEARCH&ppt=sp&ppn=sp&ssid=0kzfcqsy5s0000001782066539034&qH=eb4af0bf07c16429&ov_redirect=true","https://rukminim2.flixcart.com/image/312/312/k6zda4w0/mobile/h/y/8/realme-x50-pro-rmx2076-original-imafpbbvbwfcpz2r.jpeg?q=70"
